"camera_name","hour","phase","weekends","road_connect","lanes","fit","se.fit"
"CAM02001CCTV2",0,"green",FALSE,"between",5,0.190581791786327,0.0246386488235949
"CAM02001CCTV2",10,"red",FALSE,"between",5,1.02515319567776,0.0587665704209007
"CAM02001CCTV2",15,"red",FALSE,"between",5,0.811251294135224,0.0519265497432709
"CAM02001CCTV2",8,"red",FALSE,"between",5,0.520507174495016,0.0365006992322946
"CAM02001CCTV2",20,"green",FALSE,"between",5,0.749095472280473,0.0628114479994642
"CAM02001CCTV2",13,"green",FALSE,"between",5,1.15899682505994,0.0730499736846354
"CAM02001CCTV2",23,"red",FALSE,"between",5,0.119749940358002,0.0154875890403748
"CAM02001CCTV2",11,"red",FALSE,"between",5,1.08291019157082,0.0550305723112958
"CAM02001CCTV2",21,"red",FALSE,"between",5,0.404974633980693,0.0335169378981764
"CAM02001CCTV2",9,"red",FALSE,"between",5,0.682393045447123,0.037464913668305
"CAM02001CCTV2",2,"red",FALSE,"between",5,0.0329528204694589,0.00588609836605359
"CAM02001CCTV2",19,"red",FALSE,"between",5,0.436564312046443,0.0306791013962714
"CAM02001CCTV2",7,"green",FALSE,"between",5,1.17460572331921,0.0703304677979924
"CAM02001CCTV2",17,"red",FALSE,"between",5,0.5121283022185,0.0357238919300589
"CAM02001CCTV2",22,"red",FALSE,"between",5,0.252681938802212,0.0247151091047043
"CAM02001CCTV2",17,"green",FALSE,"between",5,0.815051173883688,0.056785247886948
"CAM02001CCTV2",3,"red",FALSE,"between",5,0.0640435154502217,0.0111883956985579
"CAM02001CCTV2",20,"red",FALSE,"between",5,0.470685773741749,0.0395008291222482
"CAM02001CCTV2",13,"red",FALSE,"between",5,0.728242710781349,0.0459685857883457
"CAM02001CCTV2",1,"green",FALSE,"between",5,0.0800249387660968,0.0111604033182327
"CAM02001CCTV2",6,"red",FALSE,"between",5,1.3197504232352,0.0681504652627099
"CAM02001CCTV2",16,"red",FALSE,"between",5,0.694706261633836,0.0421625358837013
"CAM02001CCTV2",4,"red",FALSE,"between",5,0.306454739894546,0.0312389367625743
"CAM02001CCTV2",21,"green",FALSE,"between",5,0.644516324111011,0.0532936412220228
"CAM02001CCTV2",14,"green",FALSE,"between",5,1.21581478859794,0.0649326209367487
"CAM02001CCTV2",7,"red",FALSE,"between",5,0.738050387674729,0.0442645177438625
"CAM02001CCTV2",12,"red",FALSE,"between",5,0.863629937695627,0.047545712500254
"CAM02001CCTV2",0,"red",FALSE,"between",5,0.119749940358002,0.0154875890403748
"CAM02001CCTV2",5,"red",FALSE,"between",5,1.15094008943358,0.0675483265370008
"CAM02001CCTV2",22,"green",FALSE,"between",5,0.402142802785543,0.0393074969879375
"CAM02001CCTV2",15,"green",FALSE,"between",5,1.29110482028675,0.0825213625951913
"CAM02001CCTV2",8,"green",FALSE,"between",5,0.828386132438433,0.0580205770098528
"CAM02001CCTV2",18,"red",FALSE,"between",5,0.419024921418615,0.0346165118959271
"CAM02001CCTV2",1,"red",FALSE,"between",5,0.0502827765159063,0.00701495551958366
"CAM02001CCTV2",18,"green",FALSE,"between",5,0.666877328609441,0.055044194410062
"CAM02001CCTV2",23,"green",FALSE,"between",5,0.190581791786327,0.0246386488235949
"CAM02001CCTV2",16,"green",FALSE,"between",5,1.1056236329767,0.0669935941035002
"CAM02001CCTV2",14,"red",FALSE,"between",5,0.763943643599564,0.0408844107995813
"CAM02001CCTV2",2,"green",FALSE,"between",5,0.0524443482034934,0.00936573087499496
"CAM02001CCTV2",10,"green",FALSE,"between",5,1.6315292709429,0.0933581226887898
"CAM02001CCTV2",19,"green",FALSE,"between",5,0.694791233891553,0.0487667153106787
"CAM02001CCTV2",11,"green",FALSE,"between",5,1.72344941497459,0.087379982030442
"CAM02001CCTV2",12,"green",FALSE,"between",5,1.37446532728354,0.075520834759578
"CAM02001CCTV2",4,"green",FALSE,"between",5,0.487722108720136,0.0496863964341249
"CAM02001CCTV2",3,"green",FALSE,"between",5,0.101925127397217,0.0178024630269288
"CAM02001CCTV2",9,"green",FALSE,"between",5,1.08602717391792,0.0595078590183049
"CAM02001CCTV2",5,"green",FALSE,"between",5,1.83171886204876,0.107312724205964
"CAM02001CCTV2",6,"green",FALSE,"between",5,2.10038017237408,0.108218286199526
"CAM02002CCTV3",10,"red",FALSE,"between",7,31.5057115599404,0.330723485403717
"CAM02002CCTV3",7,"red",FALSE,"between",7,21.3638892960248,0.248094735083035
"CAM02002CCTV3",20,"green",FALSE,"between",7,14.0322524259862,0.263058312953298
"CAM02002CCTV3",11,"red",FALSE,"between",7,37.6688197508896,0.355828103122784
"CAM02002CCTV3",21,"red",FALSE,"between",7,5.29068301240117,0.10619185527584
"CAM02002CCTV3",17,"red",FALSE,"between",7,43.7904970291323,0.40550096519478
"CAM02002CCTV3",23,"red",FALSE,"between",7,1.76843281798161,0.0597122876358638
"CAM02002CCTV3",2,"red",FALSE,"between",7,0.537808514534953,0.0249110991506537
"CAM02002CCTV3",19,"red",FALSE,"between",7,15.775034934356,0.206370593956681
"CAM02002CCTV3",15,"green",FALSE,"between",7,99.1898112865367,0.74722194508679
"CAM02002CCTV3",22,"red",FALSE,"between",7,3.26365771418693,0.0868186905746663
"CAM02002CCTV3",15,"red",FALSE,"between",7,62.3248101214275,0.516239151628101
"CAM02002CCTV3",6,"red",FALSE,"between",7,23.8772622990919,0.310099194582012
"CAM02002CCTV3",16,"red",FALSE,"between",7,58.3328130084929,0.455156970633249
"CAM02002CCTV3",20,"red",FALSE,"between",7,8.81700909279012,0.168124645260519
"CAM02002CCTV3",18,"red",FALSE,"between",7,27.7394946073317,0.303445731510946
"CAM02002CCTV3",21,"green",FALSE,"between",7,8.42011148617259,0.166358754244531
"CAM02002CCTV3",14,"green",FALSE,"between",7,87.1198823013433,0.582634515046329
"CAM02002CCTV3",12,"red",FALSE,"between",7,40.8065803073981,0.345971897320423
"CAM02002CCTV3",0,"red",FALSE,"between",7,1.76843281798161,0.0597122876358638
"CAM02002CCTV3",17,"green",FALSE,"between",7,69.6924888820469,0.599114633463508
"CAM02002CCTV3",8,"red",FALSE,"between",7,19.2677242394342,0.252057419754114
"CAM02002CCTV3",3,"red",FALSE,"between",7,0.928071614196642,0.0427496529325551
"CAM02002CCTV3",10,"green",FALSE,"between",7,50.1412772536332,0.497220175427188
"CAM02002CCTV3",13,"red",FALSE,"between",7,45.5266872984232,0.416898754181769
"CAM02002CCTV3",1,"red",FALSE,"between",7,0.818873952877166,0.0293475332286542
"CAM02002CCTV3",18,"green",FALSE,"between",7,44.1473504680468,0.458348567560135
"CAM02002CCTV3",9,"red",FALSE,"between",7,23.4557095273746,0.242464611659406
"CAM02002CCTV3",16,"green",FALSE,"between",7,92.8365558250771,0.650068454670543
"CAM02002CCTV3",5,"red",FALSE,"between",7,14.6147412975419,0.228375977494775
"CAM02002CCTV3",14,"red",FALSE,"between",7,54.7408050464688,0.411771936480592
"CAM02002CCTV3",5,"green",FALSE,"between",7,23.2593316927948,0.354346068264825
"CAM02002CCTV3",19,"green",FALSE,"between",7,25.1059367068868,0.316753678957449
"CAM02002CCTV3",3,"green",FALSE,"between",7,1.47702412720079,0.0678264691193777
"CAM02002CCTV3",22,"green",FALSE,"between",7,5.1941047576935,0.136900858740997
"CAM02002CCTV3",1,"green",FALSE,"between",7,1.30323626650603,0.0464606930582699
"CAM02002CCTV3",4,"red",FALSE,"between",7,3.80445134657953,0.10654584254444
"CAM02002CCTV3",11,"green",FALSE,"between",7,59.949851675404,0.527345879725504
"CAM02002CCTV3",13,"green",FALSE,"between",7,72.4556322407346,0.614813555350618
"CAM02002CCTV3",9,"green",FALSE,"between",7,37.3297150377073,0.363837843421881
"CAM02002CCTV3",4,"green",FALSE,"between",7,6.05477674750741,0.168206011820117
"CAM02002CCTV3",7,"green",FALSE,"between",7,34.0005873020801,0.377125742344527
"CAM02002CCTV3",0,"green",FALSE,"between",7,2.81445731076856,0.0944748360957529
"CAM02002CCTV3",12,"green",FALSE,"between",7,64.9435913571781,0.503179010839616
"CAM02002CCTV3",23,"green",FALSE,"between",7,2.81445731076857,0.0944748360957529
"CAM02002CCTV3",6,"green",FALSE,"between",7,38.0006154350368,0.475839805374021
"CAM02002CCTV3",8,"green",FALSE,"between",7,30.664544785728,0.387009102306466
"CAM02002CCTV3",2,"green",FALSE,"between",7,0.855921180683618,0.0395220223035108
"CAM02003CCTV4",15,"green",FALSE,"between",6,100.941124901976,0.762447532473982
"CAM02003CCTV4",9,"green",FALSE,"between",6,53.6699883747232,0.456796746344136
"CAM02003CCTV4",16,"green",FALSE,"between",6,82.4848953469715,0.592491321175621
"CAM02003CCTV4",14,"green",FALSE,"between",6,96.262858009287,0.614274968337958
"CAM02003CCTV4",17,"green",FALSE,"between",6,57.0749320821317,0.528383649190871
"CAM02003CCTV4",10,"red",FALSE,"between",6,42.083479761475,0.392638777290293
"CAM02003CCTV4",11,"green",FALSE,"between",6,74.9747212535211,0.586347874719383
"CAM02003CCTV4",11,"red",FALSE,"between",6,47.1095287451859,0.402850585049988
"CAM02003CCTV4",13,"green",FALSE,"between",6,83.7885491538966,0.659644714041241
"CAM02003CCTV4",9,"red",FALSE,"between",6,33.7229377825005,0.310014616487892
"CAM02003CCTV4",10,"green",FALSE,"between",6,66.9757742974073,0.580099523882545
"CAM02003CCTV4",7,"green",FALSE,"between",6,42.5810267469257,0.431965758861446
"CAM02003CCTV4",0,"green",FALSE,"between",6,0.110365685719607,0.0103610242951276
"CAM02003CCTV4",12,"green",FALSE,"between",6,77.7857985586918,0.555023055899724
"CAM02003CCTV4",5,"green",FALSE,"between",6,14.1783618667138,0.275568298215285
"CAM02003CCTV4",22,"red",FALSE,"between",6,0.425996052145473,0.0296107779752867
"CAM02003CCTV4",3,"green",FALSE,"between",6,0.26965747938447,0.0224301669942114
"CAM02003CCTV4",8,"green",FALSE,"between",6,44.2936381477094,0.488461175460259
"CAM02003CCTV4",1,"green",FALSE,"between",6,0.0483625151515468,0.00444542055902123
"CAM02003CCTV4",18,"green",FALSE,"between",6,42.444400175764,0.445238339502089
"CAM02003CCTV4",6,"green",FALSE,"between",6,35.2787129985291,0.489348482627407
"CAM02003CCTV4",6,"red",FALSE,"between",6,22.1669853026538,0.316838579845228
"CAM02003CCTV4",4,"green",FALSE,"between",6,2.17911200370552,0.107889601832467
"CAM02003CCTV4",4,"red",FALSE,"between",6,1.36922069013659,0.0679645390844795
"CAM02003CCTV4",2,"green",FALSE,"between",6,0.0656957620435518,0.00603576156798599
"CAM02003CCTV4",19,"green",FALSE,"between",6,35.8629512793769,0.432563753693075
"CAM02003CCTV4",12,"red",FALSE,"between",6,48.8758377743996,0.387388748548522
"CAM02003CCTV4",17,"red",FALSE,"between",6,35.8623961329692,0.354218432913651
"CAM02003CCTV4",0,"red",FALSE,"between",6,0.0693470460037995,0.00651505209847043
"CAM02003CCTV4",15,"red",FALSE,"between",6,63.4252284721596,0.527035779316549
"CAM02003CCTV4",8,"red",FALSE,"between",6,27.8314128370351,0.321768393028254
"CAM02003CCTV4",20,"green",FALSE,"between",6,21.3528894326887,0.35891875713208
"CAM02003CCTV4",13,"red",FALSE,"between",6,52.6475990692334,0.452540541248157
"CAM02003CCTV4",23,"red",FALSE,"between",6,0.0693470460037995,0.00651505209847043
"CAM02003CCTV4",1,"red",FALSE,"between",6,0.0303880462591821,0.00279542808087564
"CAM02003CCTV4",21,"red",FALSE,"between",6,3.31112277662085,0.106634640159792
"CAM02003CCTV4",23,"green",FALSE,"between",6,0.110365685719607,0.0103610242951276
"CAM02003CCTV4",2,"red",FALSE,"between",6,0.0412791983575697,0.0037955030212628
"CAM02003CCTV4",19,"red",FALSE,"between",6,22.5340849013648,0.282706354367821
"CAM02003CCTV4",7,"red",FALSE,"between",6,26.7553125906369,0.286754442037579
"CAM02003CCTV4",20,"red",FALSE,"between",6,13.4168495954866,0.23031040048284
"CAM02003CCTV4",5,"red",FALSE,"between",6,8.90881532804939,0.175893859217368
"CAM02003CCTV4",3,"red",FALSE,"between",6,0.169436265504228,0.01410706465389
"CAM02003CCTV4",16,"red",FALSE,"between",6,51.8284627594973,0.413147139374308
"CAM02003CCTV4",18,"red",FALSE,"between",6,26.66946481056,0.294398630837165
"CAM02003CCTV4",14,"red",FALSE,"between",6,60.4856917193177,0.439000859782683
"CAM02003CCTV4",22,"green",FALSE,"between",6,0.677971869289206,0.0470633538006344
"CAM02003CCTV4",21,"green",FALSE,"between",6,5.26964531010516,0.168690400164057
"CAM02005CCTV9",10,"red",FALSE,"between",3,27.2338146952835,0.309746805392714
"CAM02005CCTV9",20,"red",FALSE,"between",3,18.9749478467035,0.290863055396832
"CAM02005CCTV9",9,"red",FALSE,"between",3,18.4582128847857,0.219855622445903
"CAM02005CCTV9",11,"red",FALSE,"between",3,33.8796373125454,0.347341551260726
"CAM02005CCTV9",12,"red",FALSE,"between",3,35.9744454911571,0.329348482381012
"CAM02005CCTV9",7,"red",FALSE,"between",3,17.1895453598888,0.228069099774496
"CAM02005CCTV9",17,"green",FALSE,"between",3,53.8579611496756,0.509693740424568
"CAM02005CCTV9",22,"red",FALSE,"between",3,0.51409519131644,0.0338660836363931
"CAM02005CCTV9",19,"red",FALSE,"between",3,28.8758352515217,0.332172476801564
"CAM02005CCTV9",8,"red",FALSE,"between",3,14.3883964204311,0.220634410447509
"CAM02005CCTV9",15,"green",FALSE,"between",3,76.890372977452,0.663032768106179
"CAM02005CCTV9",13,"red",FALSE,"between",3,38.4732005333371,0.384755081567182
"CAM02005CCTV9",23,"red",FALSE,"between",3,0.0618775245622026,0.00565085013013272
"CAM02005CCTV9",6,"red",FALSE,"between",3,19.9336022879728,0.3168108108479
"CAM02005CCTV9",21,"red",FALSE,"between",3,4.63939971259783,0.137583750925724
"CAM02005CCTV9",4,"red",FALSE,"between",3,0.971260589009964,0.0583610847564958
"CAM02005CCTV9",11,"green",FALSE,"between",3,53.9193753649692,0.520180964500846
"CAM02005CCTV9",14,"red",FALSE,"between",3,44.4040407057256,0.366179009004175
"CAM02005CCTV9",19,"green",FALSE,"between",3,45.9558343420423,0.504056997023937
"CAM02005CCTV9",17,"red",FALSE,"between",3,33.8410483762697,0.341064106605693
"CAM02005CCTV9",0,"green",FALSE,"between",3,0.0984779572090949,0.00898527243186916
"CAM02005CCTV9",15,"red",FALSE,"between",3,48.3132071109798,0.448692368474714
"CAM02005CCTV9",22,"green",FALSE,"between",3,0.818181473969097,0.0538096844943195
"CAM02005CCTV9",3,"red",FALSE,"between",3,0.0795171728446842,0.00815100158083566
"CAM02005CCTV9",20,"green",FALSE,"between",3,30.1985917393002,0.450667127844696
"CAM02005CCTV9",18,"green",FALSE,"between",3,46.7188240150066,0.493031110471935
"CAM02005CCTV9",1,"green",FALSE,"between",3,0.0284089448057112,0.0028029765242407
"CAM02005CCTV9",16,"green",FALSE,"between",3,68.4271640612402,0.552402389707391
"CAM02005CCTV9",23,"green",FALSE,"between",3,0.098477957209095,0.00898527243186916
"CAM02005CCTV9",6,"green",FALSE,"between",3,31.7242883749296,0.492062721764032
"CAM02005CCTV9",2,"red",FALSE,"between",3,0.0178974194099757,0.00198316872913618
"CAM02005CCTV9",14,"green",FALSE,"between",3,70.6689424224392,0.529225937293981
"CAM02005CCTV9",2,"green",FALSE,"between",3,0.028483707376449,0.00315440845050439
"CAM02005CCTV9",0,"red",FALSE,"between",3,0.0618775245622025,0.00565085013013272
"CAM02005CCTV9",5,"red",FALSE,"between",3,8.79888143298255,0.191928452986804
"CAM02005CCTV9",12,"green",FALSE,"between",3,57.2532584127179,0.485099371452341
"CAM02005CCTV9",5,"green",FALSE,"between",3,14.0034022914751,0.301497603682921
"CAM02005CCTV9",10,"green",FALSE,"between",3,43.3425618942873,0.469524380570004
"CAM02005CCTV9",18,"red",FALSE,"between",3,29.355251291086,0.326106900611457
"CAM02005CCTV9",1,"red",FALSE,"between",3,0.0178504431836377,0.00176255259266318
"CAM02005CCTV9",16,"red",FALSE,"between",3,42.9954443097466,0.377544874740734
"CAM02005CCTV9",4,"green",FALSE,"between",3,1.54575929467336,0.0927189602554056
"CAM02005CCTV9",7,"green",FALSE,"between",3,27.3571272343522,0.350471144736303
"CAM02005CCTV9",21,"green",FALSE,"between",3,7.38359541054067,0.217332534905789
"CAM02005CCTV9",9,"green",FALSE,"between",3,29.3762090756719,0.334837912859592
"CAM02005CCTV9",8,"green",FALSE,"between",3,22.8991042712824,0.3421338103412
"CAM02005CCTV9",3,"green",FALSE,"between",3,0.126551422349082,0.0129641462946182
"CAM02005CCTV9",13,"green",FALSE,"between",3,61.2300220900116,0.574486170937148
"CAM02006CCTV10",9,"red",FALSE,"between",3,5.42826884461168,0.121140918340462
"CAM02006CCTV10",16,"green",FALSE,"between",3,9.49685269477454,0.207576676708327
"CAM02006CCTV10",15,"green",FALSE,"between",3,10.1014751285127,0.236176451064783
"CAM02006CCTV10",0,"green",FALSE,"between",3,1.23874971406847,0.0630656337898624
"CAM02006CCTV10",10,"red",FALSE,"between",3,6.78292252241351,0.158341695610981
"CAM02006CCTV10",19,"green",FALSE,"between",3,7.83038637983309,0.178980992352236
"CAM02006CCTV10",11,"red",FALSE,"between",3,6.70066615052043,0.14303207641311
"CAM02006CCTV10",4,"red",FALSE,"between",3,1.31700192436156,0.0559129256082742
"CAM02006CCTV10",11,"green",FALSE,"between",3,10.6640968447283,0.224678597939238
"CAM02006CCTV10",8,"red",FALSE,"between",3,3.87392825494814,0.116429226554938
"CAM02006CCTV10",14,"green",FALSE,"between",3,9.22676822187439,0.18656912049925
"CAM02006CCTV10",17,"green",FALSE,"between",3,8.04141910682012,0.184843278767639
"CAM02006CCTV10",12,"red",FALSE,"between",3,5.78254840891245,0.126700047693545
"CAM02006CCTV10",1,"green",FALSE,"between",3,1.03471745760599,0.0497207129793132
"CAM02006CCTV10",22,"green",FALSE,"between",3,2.30934288029554,0.092283106975261
"CAM02006CCTV10",3,"red",FALSE,"between",3,0.999684420983776,0.0576080556940177
"CAM02006CCTV10",20,"green",FALSE,"between",3,7.50489119050473,0.216335274793746
"CAM02006CCTV10",5,"red",FALSE,"between",3,1.71079704635879,0.074024281305892
"CAM02006CCTV10",13,"green",FALSE,"between",3,8.50923064741138,0.209543443547816
"CAM02006CCTV10",6,"red",FALSE,"between",3,2.18618066137381,0.0797885543726824
"CAM02006CCTV10",23,"green",FALSE,"between",3,1.23874971406847,0.0630656337898624
"CAM02006CCTV10",6,"green",FALSE,"between",3,3.47930217224025,0.126408339884099
"CAM02006CCTV10",2,"red",FALSE,"between",3,0.758844267023162,0.0438457978721243
"CAM02006CCTV10",9,"green",FALSE,"between",3,8.63907906435009,0.190515486599158
"CAM02006CCTV10",2,"green",FALSE,"between",3,1.20769914092397,0.0696379174460161
"CAM02006CCTV10",7,"green",FALSE,"between",3,4.50785971982655,0.131719038598519
"CAM02006CCTV10",0,"red",FALSE,"between",3,0.778354547870476,0.0397309457337926
"CAM02006CCTV10",12,"green",FALSE,"between",3,9.2029142859449,0.199166277490287
"CAM02006CCTV10",5,"green",FALSE,"between",3,2.72273009492172,0.117418712944769
"CAM02006CCTV10",10,"green",FALSE,"between",3,10.7950076969121,0.249266364797836
"CAM02006CCTV10",18,"green",FALSE,"between",3,7.36227169167144,0.196683882615969
"CAM02006CCTV10",13,"red",FALSE,"between",3,5.34668004203906,0.132928764451051
"CAM02006CCTV10",1,"red",FALSE,"between",3,0.650153158254598,0.0313345714554021
"CAM02006CCTV10",14,"red",FALSE,"between",3,5.79753676314128,0.11889903529375
"CAM02006CCTV10",23,"red",FALSE,"between",3,0.778354547870476,0.0397309457337926
"CAM02006CCTV10",21,"green",FALSE,"between",3,4.84572086093189,0.146717260761986
"CAM02006CCTV10",4,"green",FALSE,"between",3,2.096005941886,0.0886676506040671
"CAM02006CCTV10",17,"red",FALSE,"between",3,5.0527358852573,0.117423516316617
"CAM02006CCTV10",7,"red",FALSE,"between",3,2.83246330896443,0.083333745086558
"CAM02006CCTV10",19,"red",FALSE,"between",3,4.92013582817201,0.113732212440839
"CAM02006CCTV10",8,"green",FALSE,"between",3,6.1653491089222,0.184093903621898
"CAM02006CCTV10",20,"red",FALSE,"between",3,4.71561456124748,0.136925863334938
"CAM02006CCTV10",22,"red",FALSE,"between",3,1.45104980695962,0.0582251233806435
"CAM02006CCTV10",3,"green",FALSE,"between",3,1.59099576669838,0.0914995096395271
"CAM02006CCTV10",15,"red",FALSE,"between",3,6.34714907877165,0.149987381302237
"CAM02006CCTV10",21,"red",FALSE,"between",3,3.04475458357902,0.0928239506424373
"CAM02006CCTV10",16,"red",FALSE,"between",3,5.96724132525222,0.132022011955828
"CAM02006CCTV10",18,"red",FALSE,"between",3,4.6260011920001,0.124595212600716
"CAM02007CCTV13",19,"green",FALSE,"between",4,34.377843368658,0.532073796428916
"CAM02007CCTV13",11,"red",FALSE,"between",4,40.9765060688049,0.432359537376122
"CAM02007CCTV13",20,"green",FALSE,"between",4,19.1246504419586,0.40670787838625
"CAM02007CCTV13",14,"red",FALSE,"between",4,43.3800160610872,0.406673802567543
"CAM02007CCTV13",23,"red",FALSE,"between",4,0.0124245173991115,0.00197336020716045
"CAM02007CCTV13",19,"red",FALSE,"between",4,21.6009339320782,0.341920479961373
"CAM02007CCTV13",9,"red",FALSE,"between",4,28.7647689748327,0.332139251562531
"CAM02007CCTV13",10,"red",FALSE,"between",4,37.6468514288277,0.432527086544944
"CAM02007CCTV13",12,"red",FALSE,"between",4,38.8015199089964,0.392877848919118
"CAM02007CCTV13",15,"red",FALSE,"between",4,46.7400443105996,0.506782907053971
"CAM02007CCTV13",17,"green",FALSE,"between",4,48.0948990802272,0.577231873193345
"CAM02007CCTV13",20,"red",FALSE,"between",4,12.0167605117274,0.258644474384791
"CAM02007CCTV13",18,"green",FALSE,"between",4,38.706285190039,0.512899212076782
"CAM02007CCTV13",1,"green",FALSE,"between",4,0.00339066762418472,0.000580899706946462
"CAM02007CCTV13",13,"red",FALSE,"between",4,38.577503811354,0.434072945852914
"CAM02007CCTV13",21,"red",FALSE,"between",4,2.23797837723137,0.114167510666826
"CAM02007CCTV13",4,"red",FALSE,"between",4,0.252281243378811,0.0263790902864974
"CAM02007CCTV13",21,"green",FALSE,"between",4,3.56173813395398,0.18131850203608
"CAM02007CCTV13",14,"green",FALSE,"between",4,69.0392092382296,0.605946014354747
"CAM02007CCTV13",7,"red",FALSE,"between",4,26.1721199129414,0.345763904373418
"CAM02007CCTV13",0,"green",FALSE,"between",4,0.0197735947168246,0.00313995409009478
"CAM02007CCTV13",22,"red",FALSE,"between",4,0.168193210282961,0.0192692207584314
"CAM02007CCTV13",5,"red",FALSE,"between",4,5.53569142055408,0.192294476059705
"CAM02007CCTV13",8,"red",FALSE,"between",4,23.6166375905795,0.345225810070658
"CAM02007CCTV13",15,"green",FALSE,"between",4,74.3866875111235,0.768430636531282
"CAM02007CCTV13",3,"green",FALSE,"between",4,0.0149296777224424,0.00258839548502648
"CAM02007CCTV13",18,"red",FALSE,"between",4,24.3206620083815,0.332152879383765
"CAM02007CCTV13",16,"green",FALSE,"between",4,64.4572357951987,0.622207519973377
"CAM02007CCTV13",16,"red",FALSE,"between",4,40.5009842218857,0.413093119390866
"CAM02007CCTV13",23,"green",FALSE,"between",4,0.0197735947168246,0.00313995409009479
"CAM02007CCTV13",11,"green",FALSE,"between",4,65.2140278683177,0.653699684376322
"CAM02007CCTV13",2,"red",FALSE,"between",4,0.00161297121368681,0.000303295565406956
"CAM02007CCTV13",2,"green",FALSE,"between",4,0.00256704047689036,0.000482621786776215
"CAM02007CCTV13",17,"red",FALSE,"between",4,30.219892689636,0.376135132817338
"CAM02007CCTV13",0,"red",FALSE,"between",4,0.0124245173991114,0.00197336020716045
"CAM02007CCTV13",13,"green",FALSE,"between",4,61.3960205494199,0.660546078020652
"CAM02007CCTV13",22,"green",FALSE,"between",4,0.267679159473411,0.0306546002384479
"CAM02007CCTV13",3,"red",FALSE,"between",4,0.00938089625493247,0.00162668123177389
"CAM02007CCTV13",10,"green",FALSE,"between",4,59.9148891345579,0.659463365752637
"CAM02007CCTV13",6,"green",FALSE,"between",4,36.2779562869686,0.630245958671538
"CAM02007CCTV13",6,"red",FALSE,"between",4,22.7948486629056,0.403064786066085
"CAM02007CCTV13",9,"green",FALSE,"between",4,45.7790725837054,0.506627831493234
"CAM02007CCTV13",7,"green",FALSE,"between",4,41.6528767608832,0.532897619870456
"CAM02007CCTV13",4,"green",FALSE,"between",4,0.401505096816554,0.0419614349336727
"CAM02007CCTV13",12,"green",FALSE,"between",4,61.7525417230424,0.591234827349192
"CAM02007CCTV13",5,"green",FALSE,"between",4,8.81004188019952,0.304656784149671
"CAM02007CCTV13",8,"green",FALSE,"between",4,37.5858317300631,0.535289493467807
"CAM02007CCTV13",1,"red",FALSE,"between",4,0.00213048813301722,0.000365066614965214
"CAM02009CCTV7",10,"red",FALSE,"between",2,31.2093599102673,0.346173720603324
"CAM02009CCTV7",17,"green",FALSE,"between",2,42.9836111637422,0.465086234970249
"CAM02009CCTV7",21,"red",FALSE,"between",2,2.4562847253485,0.10581436046321
"CAM02009CCTV7",11,"red",FALSE,"between",2,33.6923859631271,0.345468742244613
"CAM02009CCTV7",22,"red",FALSE,"between",2,0.142167482166145,0.0138940786202169
"CAM02009CCTV7",23,"red",FALSE,"between",2,0.0119709028774758,0.00160905603404086
"CAM02009CCTV7",18,"red",FALSE,"between",2,22.4266701709743,0.27817681314886
"CAM02009CCTV7",16,"green",FALSE,"between",2,61.8870435462928,0.536935200569741
"CAM02009CCTV7",14,"red",FALSE,"between",2,40.6460421110477,0.355554223443443
"CAM02009CCTV7",12,"red",FALSE,"between",2,31.9277080968286,0.31053258536132
"CAM02009CCTV7",19,"green",FALSE,"between",2,38.1691582454089,0.484995521220407
"CAM02009CCTV7",2,"green",FALSE,"between",2,0.0127865212847629,0.00190794607961339
"CAM02009CCTV7",7,"red",FALSE,"between",2,15.0010634672447,0.21497328294546
"CAM02009CCTV7",0,"green",FALSE,"between",2,0.0190516681083005,0.00255998651410865
"CAM02009CCTV7",15,"red",FALSE,"between",2,46.4821420594587,0.45646511621631
"CAM02009CCTV7",13,"red",FALSE,"between",2,33.1530306242773,0.355910624982005
"CAM02009CCTV7",20,"green",FALSE,"between",2,24.2917938901151,0.411402086100596
"CAM02009CCTV7",18,"green",FALSE,"between",2,35.6920009497077,0.425458833095215
"CAM02009CCTV7",1,"green",FALSE,"between",2,0.00732775497442906,0.00102818247938939
"CAM02009CCTV7",13,"green",FALSE,"between",2,52.7629822664836,0.537116967816014
"CAM02009CCTV7",16,"red",FALSE,"between",2,38.8860326274535,0.362532741902251
"CAM02009CCTV7",9,"red",FALSE,"between",2,23.2846352687306,0.26560387813811
"CAM02009CCTV7",21,"green",FALSE,"between",2,3.90917225256907,0.167867840346117
"CAM02009CCTV7",2,"red",FALSE,"between",2,0.0080342678431389,0.00119914973616846
"CAM02009CCTV7",14,"green",FALSE,"between",2,64.6880951371457,0.521177640710082
"CAM02009CCTV7",19,"red",FALSE,"between",2,23.9831642916204,0.315696787964153
"CAM02009CCTV7",17,"red",FALSE,"between",2,27.0082720126833,0.306484247117183
"CAM02009CCTV7",5,"red",FALSE,"between",2,4.09622838186608,0.124034287629013
"CAM02009CCTV7",8,"red",FALSE,"between",2,17.101096059063,0.253587897885606
"CAM02009CCTV7",15,"green",FALSE,"between",2,73.9762365916389,0.681322663979236
"CAM02009CCTV7",3,"green",FALSE,"between",2,0.0746895730838574,0.0101667073674967
"CAM02009CCTV7",20,"red",FALSE,"between",2,15.2634773881839,0.263778639007773
"CAM02009CCTV7",8,"green",FALSE,"between",2,27.2163603480954,0.3927007726408
"CAM02009CCTV7",6,"red",FALSE,"between",2,11.5162291038698,0.23275783598389
"CAM02009CCTV7",4,"red",FALSE,"between",2,0.509208674264118,0.0414068405523856
"CAM02009CCTV7",11,"green",FALSE,"between",2,53.6213652149862,0.518452281846182
"CAM02009CCTV7",4,"green",FALSE,"between",2,0.81040459180413,0.0658406156559782
"CAM02009CCTV7",9,"green",FALSE,"between",2,37.0574506955004,0.403279564407715
"CAM02009CCTV7",3,"red",FALSE,"between",2,0.0469303590774523,0.00639014843197126
"CAM02009CCTV7",7,"green",FALSE,"between",2,23.8741626571245,0.33223385207002
"CAM02009CCTV7",0,"red",FALSE,"between",2,0.0119709028774758,0.00160905603404085
"CAM02009CCTV7",22,"green",FALSE,"between",2,0.226259264964753,0.0220988647931558
"CAM02009CCTV7",1,"red",FALSE,"between",2,0.00460431299822048,0.000646237266472182
"CAM02009CCTV7",10,"green",FALSE,"between",2,49.6696341928962,0.524158240526958
"CAM02009CCTV7",6,"green",FALSE,"between",2,18.3280557023734,0.365086106790554
"CAM02009CCTV7",12,"green",FALSE,"between",2,50.8128839023492,0.46282053638536
"CAM02009CCTV7",23,"green",FALSE,"between",2,0.0190516681083005,0.00255998651410865
"CAM02009CCTV7",5,"green",FALSE,"between",2,6.51913931855145,0.196136405898534
"CAM02010CCTV11",1,"green",FALSE,"between",6,0.00333918718954246,0.000883656988361675
"CAM02010CCTV11",3,"green",FALSE,"between",6,0.0378771215877884,0.00689578886736541
"CAM02010CCTV11",16,"green",FALSE,"between",6,9.39379016088123,0.200072745332036
"CAM02010CCTV11",2,"green",FALSE,"between",6,0.00579784969040599,0.00128335716242454
"CAM02010CCTV11",21,"green",FALSE,"between",6,0.682057946836629,0.0652806032985958
"CAM02010CCTV11",0,"green",FALSE,"between",6,0.00776085219695519,0.00224266367593954
"CAM02010CCTV11",4,"green",FALSE,"between",6,0.521980602490741,0.0544435565879001
"CAM02010CCTV11",14,"red",FALSE,"between",6,7.26723667528185,0.137369077234465
"CAM02010CCTV11",10,"red",FALSE,"between",6,5.00600887189036,0.127035052813965
"CAM02010CCTV11",15,"red",FALSE,"between",6,7.45946593131971,0.168023815952877
"CAM02010CCTV11",13,"red",FALSE,"between",6,6.35910871107431,0.147219011449841
"CAM02010CCTV11",20,"green",FALSE,"between",6,3.22793646549163,0.144969216706044
"CAM02010CCTV11",11,"red",FALSE,"between",6,5.55406280715142,0.126155604984224
"CAM02010CCTV11",18,"green",FALSE,"between",6,5.13071207738113,0.156729657964468
"CAM02010CCTV11",6,"green",FALSE,"between",6,10.7718026526615,0.286445935450657
"CAM02010CCTV11",16,"red",FALSE,"between",6,5.90248313313329,0.127334586285782
"CAM02010CCTV11",9,"red",FALSE,"between",6,4.28281370226914,0.098529639263245
"CAM02010CCTV11",4,"red",FALSE,"between",6,0.327980681839642,0.0342286314912063
"CAM02010CCTV11",12,"red",FALSE,"between",6,5.83646597977271,0.123358177762502
"CAM02010CCTV11",19,"green",FALSE,"between",6,5.01959791145432,0.166429591083556
"CAM02010CCTV11",17,"green",FALSE,"between",6,6.44431259999537,0.176381394627379
"CAM02010CCTV11",5,"green",FALSE,"between",6,4.72490171927621,0.174223369119224
"CAM02010CCTV11",22,"red",FALSE,"between",6,0.0394495114548941,0.00843952606272564
"CAM02010CCTV11",22,"green",FALSE,"between",6,0.0627838189788837,0.0134296396292247
"CAM02010CCTV11",8,"red",FALSE,"between",6,4.23696948534842,0.118481733711095
"CAM02010CCTV11",20,"red",FALSE,"between",6,2.02823782691383,0.0913622212706167
"CAM02010CCTV11",13,"green",FALSE,"between",6,10.1205088595236,0.23171171809589
"CAM02010CCTV11",23,"red",FALSE,"between",6,0.00487644480095255,0.0014092613351506
"CAM02010CCTV11",6,"red",FALSE,"between",6,6.76834189202398,0.181494012274541
"CAM02010CCTV11",21,"red",FALSE,"between",6,0.428563493337078,0.041045885733137
"CAM02010CCTV11",17,"red",FALSE,"between",6,4.04921184896286,0.1116980144662
"CAM02010CCTV11",2,"red",FALSE,"between",6,0.00364301409973725,0.000806490703833949
"CAM02010CCTV11",19,"red",FALSE,"between",6,3.15400828633059,0.105141094203315
"CAM02010CCTV11",7,"green",FALSE,"between",6,9.1308052271681,0.208883280969988
"CAM02010CCTV11",15,"green",FALSE,"between",6,11.8717251859155,0.26429359006209
"CAM02010CCTV11",0,"red",FALSE,"between",6,0.00487644480095255,0.0014092613351506
"CAM02010CCTV11",5,"red",FALSE,"between",6,2.96883922528711,0.10995809068003
"CAM02010CCTV11",3,"red",FALSE,"between",6,0.0237996663194132,0.00433373278857695
"CAM02010CCTV11",23,"green",FALSE,"between",6,0.0077608521969552,0.00224266367593954
"CAM02010CCTV11",8,"green",FALSE,"between",6,6.74312850467932,0.187134278297348
"CAM02010CCTV11",18,"red",FALSE,"between",6,3.22382563151319,0.099103988044153
"CAM02010CCTV11",1,"red",FALSE,"between",6,0.00209814097686851,0.00055528775935452
"CAM02010CCTV11",7,"red",FALSE,"between",6,5.73723948717938,0.132724651230533
"CAM02010CCTV11",10,"green",FALSE,"between",6,7.96705315802991,0.200318461589
"CAM02010CCTV11",11,"green",FALSE,"between",6,8.8392799054115,0.19847195239384
"CAM02010CCTV11",14,"green",FALSE,"between",6,11.5657927074531,0.214995050084027
"CAM02010CCTV11",12,"green",FALSE,"between",6,9.28872399267708,0.193719473335934
"CAM02010CCTV11",9,"green",FALSE,"between",6,6.81608948468208,0.15505313637117
"CAM02020CCTV24",9,"red",FALSE,"within",6,113.240890488639,0.712338067062438
"CAM02020CCTV24",10,"red",FALSE,"within",6,150.497149842893,0.911596596547359
"CAM02020CCTV24",15,"red",FALSE,"within",6,204.728264784022,1.15104459946297
"CAM02020CCTV24",7,"red",FALSE,"within",6,60.680919851193,0.500000233254851
"CAM02020CCTV24",11,"red",FALSE,"within",6,171.687906569561,0.965307583335418
"CAM02020CCTV24",18,"green",FALSE,"within",6,139.497446742256,0.88162485870346
"CAM02020CCTV24",14,"red",FALSE,"within",6,198.284382668643,0.982616513062696
"CAM02020CCTV24",16,"red",FALSE,"within",6,178.804868799629,0.955332181161484
"CAM02020CCTV24",21,"red",FALSE,"within",6,15.4434685380983,0.249820150116874
"CAM02020CCTV24",21,"green",FALSE,"within",6,20.4584700481212,0.326406852702422
"CAM02020CCTV24",23,"red",FALSE,"within",6,0.584558818892059,0.026587892150266
"CAM02020CCTV24",19,"green",FALSE,"within",6,109.697770753204,0.782491506283013
"CAM02020CCTV24",2,"green",FALSE,"within",6,0.20818445760622,0.0144033793153062
"CAM02020CCTV24",17,"green",FALSE,"within",6,181.536237916069,1.00918251006624
"CAM02020CCTV24",22,"red",FALSE,"within",6,2.95600397015529,0.0977997294148139
"CAM02020CCTV24",13,"red",FALSE,"within",6,181.916139018914,1.04153957832935
"CAM02020CCTV24",20,"green",FALSE,"within",6,64.8251051099913,0.654174816428628
"CAM02020CCTV24",15,"green",FALSE,"within",6,271.210257122946,1.34752847675518
"CAM02020CCTV24",20,"red",FALSE,"within",6,48.9344740291076,0.510918196573854
"CAM02020CCTV24",1,"green",FALSE,"within",6,0.261310419231313,0.0140923290311483
"CAM02020CCTV24",6,"red",FALSE,"within",6,38.1741060870253,0.465659313698072
"CAM02020CCTV24",16,"green",FALSE,"within",6,236.868682949764,1.10060281958026
"CAM02020CCTV24",4,"green",FALSE,"within",6,2.97036625903301,0.123430907706828
"CAM02020CCTV24",12,"red",FALSE,"within",6,175.960956882814,0.925719033888131
"CAM02020CCTV24",2,"red",FALSE,"within",6,0.157152031095207,0.0108806055376082
"CAM02020CCTV24",19,"red",FALSE,"within",6,82.8074664108228,0.630878109736289
"CAM02020CCTV24",17,"red",FALSE,"within",6,137.036111311706,0.843972816674398
"CAM02020CCTV24",0,"green",FALSE,"within",6,0.774384268544699,0.0351624839485368
"CAM02020CCTV24",22,"green",FALSE,"within",6,3.91591555591025,0.129141300219473
"CAM02020CCTV24",8,"red",FALSE,"within",6,81.0626758346615,0.651919071048519
"CAM02020CCTV24",3,"red",FALSE,"within",6,0.384657498519591,0.0260109718618452
"CAM02020CCTV24",10,"green",FALSE,"within",6,199.368517816631,1.08626150213173
"CAM02020CCTV24",18,"red",FALSE,"within",6,105.302323430921,0.722273114953335
"CAM02020CCTV24",1,"red",FALSE,"within",6,0.197255182258688,0.0106505861662045
"CAM02020CCTV24",23,"green",FALSE,"within",6,0.774384268544699,0.0351624839485368
"CAM02020CCTV24",4,"red",FALSE,"within",6,2.24223794644006,0.0933641461718081
"CAM02020CCTV24",11,"green",FALSE,"within",6,227.440609310849,1.12860744745306
"CAM02020CCTV24",5,"green",FALSE,"within",6,17.5614446404839,0.305181132768675
"CAM02020CCTV24",14,"green",FALSE,"within",6,262.6738348208,1.10271701493828
"CAM02020CCTV24",6,"green",FALSE,"within",6,50.5704922484584,0.602042231535051
"CAM02020CCTV24",0,"red",FALSE,"within",6,0.584558818892058,0.026587892150266
"CAM02020CCTV24",7,"green",FALSE,"within",6,80.3860077291257,0.626925904778686
"CAM02020CCTV24",3,"green",FALSE,"within",6,0.509568423235661,0.0344311011079233
"CAM02020CCTV24",9,"green",FALSE,"within",6,150.01392728383,0.855720414685454
"CAM02020CCTV24",13,"green",FALSE,"within",6,240.990284805969,1.22451237006681
"CAM02020CCTV24",12,"green",FALSE,"within",6,233.101259418831,1.06049763525043
"CAM02020CCTV24",5,"red",FALSE,"within",6,13.2565933401151,0.233049156544441
"CAM02020CCTV24",8,"green",FALSE,"within",6,107.386389365365,0.815133304939757
"CAM02028CCTV32",20,"green",FALSE,"between",6,60.1110832770139,0.642375923475029
"CAM02028CCTV32",21,"green",FALSE,"between",6,29.614834491888,0.368090873225607
"CAM02028CCTV32",16,"green",FALSE,"between",6,223.865384421627,1.08389348292308
"CAM02028CCTV32",18,"green",FALSE,"between",6,139.901387501526,0.934006714867343
"CAM02028CCTV32",14,"green",FALSE,"between",6,250.07982229511,1.07131412979738
"CAM02028CCTV32",4,"green",FALSE,"between",6,8.77127622642703,0.216485080123062
"CAM02028CCTV32",16,"red",FALSE,"between",6,140.663314062904,0.832834863180802
"CAM02028CCTV32",2,"green",FALSE,"between",6,1.03277632908194,0.0418280032557017
"CAM02028CCTV32",22,"green",FALSE,"between",6,11.9288491571445,0.244730306791916
"CAM02028CCTV32",15,"green",FALSE,"between",6,246.838655460626,1.28138933001493
"CAM02028CCTV32",10,"green",FALSE,"between",6,239.745513071904,1.22983834028013
"CAM02028CCTV32",3,"green",FALSE,"between",6,1.89560728375144,0.0763384226267332
"CAM02028CCTV32",13,"green",FALSE,"between",6,249.56052689465,1.25409354543557
"CAM02028CCTV32",11,"red",FALSE,"between",6,167.782185203837,0.960641033218649
"CAM02028CCTV32",23,"green",FALSE,"between",6,4.28216024705416,0.116544160507243
"CAM02028CCTV32",11,"green",FALSE,"between",6,267.025013877895,1.23260608164665
"CAM02028CCTV32",19,"green",FALSE,"between",6,98.475226346258,0.72870745631451
"CAM02028CCTV32",14,"red",FALSE,"between",6,157.134863325006,0.858518332318687
"CAM02028CCTV32",17,"green",FALSE,"between",6,183.93512452609,1.05471156726346
"CAM02028CCTV32",0,"green",FALSE,"between",6,4.28216024705416,0.116544160507243
"CAM02028CCTV32",5,"green",FALSE,"between",6,41.7887576036947,0.484952678736018
"CAM02028CCTV32",17,"red",FALSE,"between",6,115.573581218273,0.770674005780291
"CAM02028CCTV32",15,"red",FALSE,"between",6,155.098312343499,0.962760998776774
"CAM02028CCTV32",22,"red",FALSE,"between",6,7.49535914065296,0.156053303723199
"CAM02028CCTV32",1,"green",FALSE,"between",6,1.61708820629719,0.0498119505861921
"CAM02028CCTV32",8,"green",FALSE,"between",6,138.491723338413,0.935622101370827
"CAM02028CCTV32",6,"green",FALSE,"between",6,94.7917865061337,0.83552355665954
"CAM02028CCTV32",18,"red",FALSE,"between",6,87.9054743492631,0.658459352024285
"CAM02028CCTV32",23,"red",FALSE,"between",6,2.69064756597033,0.0738634507622438
"CAM02028CCTV32",6,"red",FALSE,"between",6,59.5613603699596,0.56264330196912
"CAM02028CCTV32",9,"green",FALSE,"between",6,182.917436504469,0.936535958457568
"CAM02028CCTV32",4,"red",FALSE,"between",6,5.51133345495997,0.137331631380427
"CAM02028CCTV32",12,"red",FALSE,"between",6,163.536794668916,0.913742025205116
"CAM02028CCTV32",0,"red",FALSE,"between",6,2.69064756597033,0.0738634507622439
"CAM02028CCTV32",12,"green",FALSE,"between",6,260.268483289577,1.15798554789329
"CAM02028CCTV32",10,"red",FALSE,"between",6,150.641415543239,0.926556629477116
"CAM02028CCTV32",20,"red",FALSE,"between",6,37.7701278270475,0.423737263422131
"CAM02028CCTV32",13,"red",FALSE,"between",6,156.808569859873,0.949669752417093
"CAM02028CCTV32",8,"red",FALSE,"between",6,87.0197276161916,0.657856346275934
"CAM02028CCTV32",1,"red",FALSE,"between",6,1.01607931399253,0.0315085077092471
"CAM02028CCTV32",21,"red",FALSE,"between",6,18.6081504999793,0.240139128345733
"CAM02028CCTV32",7,"green",FALSE,"between",6,120.349965669853,0.769524800584629
"CAM02028CCTV32",19,"red",FALSE,"between",6,61.8758086550386,0.503761407563847
"CAM02028CCTV32",9,"red",FALSE,"between",6,114.934128315926,0.706038493862905
"CAM02028CCTV32",5,"red",FALSE,"between",6,26.2574991229381,0.317584730576886
"CAM02028CCTV32",7,"red",FALSE,"between",6,75.6205568012004,0.547378806276579
"CAM02028CCTV32",2,"red",FALSE,"between",6,0.64893347182599,0.0263810517332435
"CAM02028CCTV32",3,"red",FALSE,"between",6,1.19108366567322,0.0481433461291673
"CAM02033CCTV38",15,"red",FALSE,"between",4,37.0887530634257,0.388097104163538
"CAM02033CCTV38",18,"green",FALSE,"between",4,27.713772686466,0.362609877945161
"CAM02033CCTV38",11,"red",FALSE,"between",4,27.0408739279496,0.300063526731813
"CAM02033CCTV38",10,"red",FALSE,"between",4,22.6914002142741,0.277671309459117
"CAM02033CCTV38",14,"red",FALSE,"between",4,34.4747118521624,0.314071343226913
"CAM02033CCTV38",20,"red",FALSE,"between",4,17.9219017025537,0.288736658218278
"CAM02033CCTV38",16,"red",FALSE,"between",4,28.7906356843406,0.291407528598554
"CAM02033CCTV38",23,"green",FALSE,"between",4,0.0173894631656905,0.00219624895681096
"CAM02033CCTV38",17,"red",FALSE,"between",4,19.3174757179734,0.240448975416816
"CAM02033CCTV38",9,"red",FALSE,"between",4,15.3132905996743,0.200413527500292
"CAM02033CCTV38",18,"red",FALSE,"between",4,17.4136395465332,0.235628630698736
"CAM02033CCTV38",12,"red",FALSE,"between",4,27.3216873231264,0.276220660858231
"CAM02033CCTV38",19,"green",FALSE,"between",4,36.7931911264075,0.455169525492175
"CAM02033CCTV38",0,"red",FALSE,"between",4,0.010926474966107,0.00138049184867745
"CAM02033CCTV38",22,"green",FALSE,"between",4,0.229250366919488,0.0209625937694205
"CAM02033CCTV38",5,"green",FALSE,"between",4,7.86139844885958,0.210806666708215
"CAM02033CCTV38",13,"red",FALSE,"between",4,28.9194531413997,0.321191580340038
"CAM02033CCTV38",20,"green",FALSE,"between",4,28.5226708963689,0.44881243100785
"CAM02033CCTV38",15,"green",FALSE,"between",4,59.0266766965947,0.583283420098734
"CAM02033CCTV38",1,"red",FALSE,"between",4,0.00462541944735305,0.000600519462468668
"CAM02033CCTV38",23,"red",FALSE,"between",4,0.010926474966107,0.00138049184867745
"CAM02033CCTV38",6,"green",FALSE,"between",4,17.3376337716879,0.34557229216801
"CAM02033CCTV38",4,"green",FALSE,"between",4,1.12353883588661,0.0792915779023529
"CAM02033CCTV38",21,"green",FALSE,"between",4,4.61763845596872,0.181845034204268
"CAM02033CCTV38",11,"green",FALSE,"between",4,43.0354970470132,0.453993458728859
"CAM02033CCTV38",19,"red",FALSE,"between",4,23.1185907198715,0.296960255654893
"CAM02033CCTV38",7,"red",FALSE,"between",4,11.0629523793029,0.173540332173401
"CAM02033CCTV38",17,"green",FALSE,"between",4,30.7437241648214,0.367731443607817
"CAM02033CCTV38",22,"red",FALSE,"between",4,0.144046907673309,0.0131808191649131
"CAM02033CCTV38",3,"green",FALSE,"between",4,0.104373266164591,0.012606251091
"CAM02033CCTV38",8,"red",FALSE,"between",4,11.014555690187,0.189876518977653
"CAM02033CCTV38",3,"red",FALSE,"between",4,0.0655817761026864,0.00792428151136211
"CAM02033CCTV38",10,"green",FALSE,"between",4,36.1133182868263,0.424066874741433
"CAM02033CCTV38",1,"green",FALSE,"between",4,0.00736134584622329,0.000955391215648886
"CAM02033CCTV38",6,"red",FALSE,"between",4,10.8939085452415,0.22034724328495
"CAM02033CCTV38",21,"red",FALSE,"between",4,2.90144155175659,0.114696151995323
"CAM02033CCTV38",4,"red",FALSE,"between",4,0.705963079296504,0.0498820469986246
"CAM02033CCTV38",0,"green",FALSE,"between",4,0.0173894631656905,0.00219624895681096
"CAM02033CCTV38",2,"red",FALSE,"between",4,0.00981479783149095,0.00132022578639471
"CAM02033CCTV38",2,"green",FALSE,"between",4,0.0156202312181035,0.00210043929457399
"CAM02033CCTV38",7,"green",FALSE,"between",4,17.6066666972119,0.269460176553115
"CAM02033CCTV38",9,"green",FALSE,"between",4,24.3710715170775,0.307718024871431
"CAM02033CCTV38",5,"red",FALSE,"between",4,4.9396219153868,0.133548660703384
"CAM02033CCTV38",12,"green",FALSE,"between",4,43.4824110066394,0.413328918695959
"CAM02033CCTV38",16,"green",FALSE,"between",4,45.8202394004143,0.436131453497633
"CAM02033CCTV38",8,"green",FALSE,"between",4,17.5296434627899,0.296096020443852
"CAM02033CCTV38",13,"green",FALSE,"between",4,46.0252521269868,0.485989696804914
"CAM02033CCTV38",14,"green",FALSE,"between",4,54.8664353106158,0.462779327010017
"CAM02037CCTV43",14,"red",FALSE,"within",5,209.904108926555,0.955231299809169
"CAM02037CCTV43",11,"red",FALSE,"within",5,175.592974932926,0.925454138064694
"CAM02037CCTV43",9,"red",FALSE,"within",5,106.699855984185,0.646767436954618
"CAM02037CCTV43",12,"red",FALSE,"within",5,202.307788420515,0.959889984873087
"CAM02037CCTV43",13,"red",FALSE,"within",5,214.28697390207,1.09370960636439
"CAM02037CCTV43",16,"green",FALSE,"within",5,248.712531067042,1.01312201710432
"CAM02037CCTV43",22,"green",FALSE,"within",5,11.6360334179641,0.212391351172205
"CAM02037CCTV43",5,"green",FALSE,"within",5,12.4161950553359,0.212305426201888
"CAM02037CCTV43",15,"red",FALSE,"within",5,198.172717605713,1.02446857138817
"CAM02037CCTV43",0,"red",FALSE,"within",5,2.76986852455934,0.0676457832656787
"CAM02037CCTV43",20,"green",FALSE,"within",5,83.0018330360631,0.670268466931293
"CAM02037CCTV43",18,"green",FALSE,"within",5,196.91002466613,1.00074468248807
"CAM02037CCTV43",23,"green",FALSE,"within",5,3.66933581708899,0.0890601970747681
"CAM02037CCTV43",8,"red",FALSE,"within",5,74.3509449307363,0.580460706666096
"CAM02037CCTV43",16,"red",FALSE,"within",5,187.745424732647,0.919267746157656
"CAM02037CCTV43",4,"green",FALSE,"within",5,3.47055429661056,0.10740742058186
"CAM02037CCTV43",21,"green",FALSE,"within",5,35.088830058995,0.359198491244228
"CAM02037CCTV43",6,"green",FALSE,"within",5,32.7836970372721,0.421725117972914
"CAM02037CCTV43",2,"green",FALSE,"within",5,0.841067731613033,0.0401134556906333
"CAM02037CCTV43",17,"green",FALSE,"within",5,230.918333186032,1.03021437875869
"CAM02037CCTV43",0,"green",FALSE,"within",5,3.66933581708899,0.0890601970747682
"CAM02037CCTV43",10,"red",FALSE,"within",5,141.656770092226,0.807153306705808
"CAM02037CCTV43",3,"green",FALSE,"within",5,1.1760756058216,0.0569014083309257
"CAM02037CCTV43",15,"green",FALSE,"within",5,262.525908444044,1.15459660530194
"CAM02037CCTV43",1,"red",FALSE,"within",5,1.03657993508516,0.0337684232316436
"CAM02037CCTV43",1,"green",FALSE,"within",5,1.37319148882306,0.0445791168264701
"CAM02037CCTV43",18,"red",FALSE,"within",5,148.641309130875,0.856984753977043
"CAM02037CCTV43",6,"red",FALSE,"within",5,24.7474025460742,0.32536845265077
"CAM02037CCTV43",4,"red",FALSE,"within",5,2.61981448091662,0.0813912480796065
"CAM02037CCTV43",11,"green",FALSE,"within",5,232.613781642614,1.05048078937976
"CAM02037CCTV43",19,"green",FALSE,"within",5,143.845083649461,0.801086881236953
"CAM02037CCTV43",14,"green",FALSE,"within",5,278.066867870883,1.0150742413204
"CAM02037CCTV43",7,"green",FALSE,"within",5,62.4012500176289,0.496925614251143
"CAM02037CCTV43",17,"red",FALSE,"within",5,174.313133144386,0.910640165056717
"CAM02037CCTV43",5,"red",FALSE,"within",5,9.37260299763131,0.162274438125656
"CAM02037CCTV43",12,"green",FALSE,"within",5,268.003772578179,1.04237173935687
"CAM02037CCTV43",3,"red",FALSE,"within",5,0.88778322984121,0.0430210368333591
"CAM02037CCTV43",10,"green",FALSE,"within",5,187.657376378627,0.939847303094442
"CAM02037CCTV43",8,"green",FALSE,"within",5,98.4951389749321,0.720862254715011
"CAM02037CCTV43",13,"green",FALSE,"within",5,283.872993069075,1.2264175250554
"CAM02037CCTV43",9,"green",FALSE,"within",5,141.348804020687,0.765863324368076
"CAM02037CCTV43",19,"red",FALSE,"within",5,108.584220544125,0.673435996572456
"CAM02037CCTV43",23,"red",FALSE,"within",5,2.76986852455934,0.0676457832656787
"CAM02037CCTV43",2,"red",FALSE,"within",5,0.634896110071945,0.0303295187297134
"CAM02037CCTV43",21,"red",FALSE,"within",5,26.4874764232201,0.280611489725593
"CAM02037CCTV43",7,"red",FALSE,"within",5,47.1047805196828,0.396347196954708
"CAM02037CCTV43",20,"red",FALSE,"within",5,62.6555257593489,0.534164215273791
"CAM02037CCTV43",22,"red",FALSE,"within",5,8.78368302106206,0.16209296855232
"CAM02038CCTV44",18,"red",FALSE,"within",5,131.312259620478,0.791618306404741
"CAM02038CCTV44",0,"red",FALSE,"within",5,0.659296354239827,0.0251768839963509
"CAM02038CCTV44",11,"red",FALSE,"within",5,188.955951229331,0.973651045611997
"CAM02038CCTV44",17,"red",FALSE,"within",5,142.075207279061,0.789115086620121
"CAM02038CCTV44",13,"red",FALSE,"within",5,198.469732215004,1.03237456185345
"CAM02038CCTV44",22,"green",FALSE,"within",5,4.90225453639997,0.13519839295828
"CAM02038CCTV44",1,"red",FALSE,"within",5,0.248650426110491,0.0109953828600554
"CAM02038CCTV44",23,"green",FALSE,"within",5,0.873391536543511,0.0332460396727796
"CAM02038CCTV44",16,"red",FALSE,"within",5,163.304702360947,0.831834425866862
"CAM02038CCTV44",20,"green",FALSE,"within",5,106.233413113279,0.807213757634592
"CAM02038CCTV44",14,"red",FALSE,"within",5,194.364536403078,0.905064364584752
"CAM02038CCTV44",19,"red",FALSE,"within",5,123.803733523061,0.759097025003693
"CAM02038CCTV44",12,"red",FALSE,"within",5,199.994256236428,0.957578465578309
"CAM02038CCTV44",19,"green",FALSE,"within",5,164.006872412032,0.900006535698183
"CAM02038CCTV44",17,"green",FALSE,"within",5,188.211693864545,0.911227439732233
"CAM02038CCTV44",15,"red",FALSE,"within",5,183.707137451053,0.983162076168158
"CAM02038CCTV44",3,"green",FALSE,"within",5,0.861115339200755,0.0457938972291709
"CAM02038CCTV44",20,"red",FALSE,"within",5,80.1923295950657,0.648576429276763
"CAM02038CCTV44",8,"red",FALSE,"within",5,73.5933089273656,0.566692725643057
"CAM02038CCTV44",15,"green",FALSE,"within",5,243.362879258423,1.1223683110213
"CAM02038CCTV44",18,"green",FALSE,"within",5,173.953663567827,0.935286849569804
"CAM02038CCTV44",6,"green",FALSE,"within",5,55.9641443388204,0.583668760421901
"CAM02038CCTV44",4,"green",FALSE,"within",5,4.6601881905163,0.150541983594914
"CAM02038CCTV44",9,"red",FALSE,"within",5,106.593056763909,0.638411220140722
"CAM02038CCTV44",21,"green",FALSE,"within",5,30.9269572700296,0.398849783318746
"CAM02038CCTV44",2,"red",FALSE,"within",5,0.241480591045723,0.0133262403666766
"CAM02038CCTV44",14,"green",FALSE,"within",5,257.481085716577,0.973795722111926
"CAM02038CCTV44",7,"green",FALSE,"within",5,77.2364762265412,0.553489757326655
"CAM02038CCTV44",10,"red",FALSE,"within",5,153.638052133317,0.858018459312644
"CAM02038CCTV44",22,"red",FALSE,"within",5,3.70056086894899,0.102645721389469
"CAM02038CCTV44",5,"red",FALSE,"within",5,17.5889481573656,0.253041470660542
"CAM02038CCTV44",3,"red",FALSE,"within",5,0.65002943120089,0.0346214888312394
"CAM02038CCTV44",10,"green",FALSE,"within",5,203.529374250806,0.993099600459581
"CAM02038CCTV44",8,"green",FALSE,"within",5,97.4914736749964,0.702367816639428
"CAM02038CCTV44",23,"red",FALSE,"within",5,0.659296354239827,0.0251768839963509
"CAM02038CCTV44",16,"green",FALSE,"within",5,216.335103330368,0.932088238051245
"CAM02038CCTV44",21,"red",FALSE,"within",5,23.345806917887,0.308367729933468
"CAM02038CCTV44",4,"red",FALSE,"within",5,3.51783244458521,0.114079687379131
"CAM02038CCTV44",11,"green",FALSE,"within",5,250.316155279684,1.09600936777228
"CAM02038CCTV44",9,"green",FALSE,"within",5,141.207323585525,0.753566783174573
"CAM02038CCTV44",7,"red",FALSE,"within",5,58.3034355840164,0.446759076870721
"CAM02038CCTV44",5,"green",FALSE,"within",5,23.3006573729021,0.328992457334558
"CAM02038CCTV44",0,"green",FALSE,"within",5,0.87339153654351,0.0332460396727796
"CAM02038CCTV44",1,"green",FALSE,"within",5,0.329395386954988,0.0145307992180656
"CAM02038CCTV44",12,"green",FALSE,"within",5,264.938960500715,1.04430195341159
"CAM02038CCTV44",2,"green",FALSE,"within",5,0.319897270935218,0.017627066855427
"CAM02038CCTV44",6,"red",FALSE,"within",5,42.2456078252798,0.45530673079105
"CAM02038CCTV44",13,"green",FALSE,"within",5,262.91937345309,1.16598724035479
"CAM02039CCTV45",22,"green",FALSE,"within",5,11.7029472503821,0.21272234914105
"CAM02039CCTV45",15,"red",FALSE,"within",5,126.596520192977,0.772664741374861
"CAM02039CCTV45",18,"red",FALSE,"within",5,93.1536691735196,0.646274986148768
"CAM02039CCTV45",11,"red",FALSE,"within",5,120.845095201963,0.730713843037103
"CAM02039CCTV45",19,"red",FALSE,"within",5,69.6318320561466,0.505660410132984
"CAM02039CCTV45",16,"red",FALSE,"within",5,117.14720276814,0.675582955847551
"CAM02039CCTV45",14,"red",FALSE,"within",5,139.506563903959,0.727942139517965
"CAM02039CCTV45",17,"green",FALSE,"within",5,143.553700567344,0.799430213996735
"CAM02039CCTV45",17,"red",FALSE,"within",5,108.364264435451,0.671523545181611
"CAM02039CCTV45",13,"red",FALSE,"within",5,147.286994566067,0.864631513385907
"CAM02039CCTV45",20,"green",FALSE,"within",5,57.3039835558863,0.553473716808711
"CAM02039CCTV45",1,"red",FALSE,"within",5,1.2743734342347,0.0408245871588312
"CAM02039CCTV45",10,"red",FALSE,"within",5,97.9606634977464,0.646073463172777
"CAM02039CCTV45",23,"green",FALSE,"within",5,4.35026459138142,0.103231152670635
"CAM02039CCTV45",6,"green",FALSE,"within",5,23.790421751079,0.354615017743509
"CAM02039CCTV45",21,"red",FALSE,"within",5,21.5085870758749,0.247179783535602
"CAM02039CCTV45",21,"green",FALSE,"within",5,28.4931317976694,0.31808419302493
"CAM02039CCTV45",12,"red",FALSE,"within",5,140.153423851811,0.758143876904327
"CAM02039CCTV45",0,"red",FALSE,"within",5,3.28388067100705,0.078432861768373
"CAM02039CCTV45",7,"green",FALSE,"within",5,45.4276157230038,0.420728124742859
"CAM02039CCTV45",7,"red",FALSE,"within",5,34.2919070941697,0.330980867087459
"CAM02039CCTV45",5,"green",FALSE,"within",5,9.41744976084013,0.183115649589277
"CAM02039CCTV45",20,"red",FALSE,"within",5,43.2570111582856,0.434200085162441
"CAM02039CCTV45",8,"red",FALSE,"within",5,54.1238684307935,0.488029758332872
"CAM02039CCTV45",15,"green",FALSE,"within",5,167.706568649074,0.916573564926914
"CAM02039CCTV45",18,"green",FALSE,"within",5,123.403725397411,0.787468272718585
"CAM02039CCTV45",1,"green",FALSE,"within",5,1.68820434801252,0.0538875458349034
"CAM02039CCTV45",23,"red",FALSE,"within",5,3.28388067100705,0.0784328617683729
"CAM02039CCTV45",16,"green",FALSE,"within",5,155.188747472159,0.789426598562819
"CAM02039CCTV45",9,"red",FALSE,"within",5,75.7607508501573,0.524873286235814
"CAM02039CCTV45",2,"red",FALSE,"within",5,0.72597968477181,0.0350196140208203
"CAM02039CCTV45",19,"green",FALSE,"within",5,92.2435751400123,0.620770033618628
"CAM02039CCTV45",2,"green",FALSE,"within",5,0.961729134864254,0.0463179723799058
"CAM02039CCTV45",10,"green",FALSE,"within",5,129.771708675331,0.779861439253416
"CAM02039CCTV45",22,"red",FALSE,"within",5,8.83419421096433,0.162363460974085
"CAM02039CCTV45",5,"red",FALSE,"within",5,7.1089425919223,0.139571619295324
"CAM02039CCTV45",3,"green",FALSE,"within",5,1.17243823966795,0.0577997367273576
"CAM02039CCTV45",6,"red",FALSE,"within",5,17.9586561926031,0.272097412437805
"CAM02039CCTV45",8,"green",FALSE,"within",5,71.6996663313174,0.616445762737857
"CAM02039CCTV45",11,"green",FALSE,"within",5,160.087467044897,0.864753959480502
"CAM02039CCTV45",13,"green",FALSE,"within",5,195.115919676599,1.01527789666401
"CAM02039CCTV45",14,"green",FALSE,"within",5,184.808927612638,0.82325952705946
"CAM02039CCTV45",4,"green",FALSE,"within",5,2.96560057210437,0.0950309975835377
"CAM02039CCTV45",0,"green",FALSE,"within",5,4.35026459138143,0.103231152670635
"CAM02039CCTV45",9,"green",FALSE,"within",5,100.362755184658,0.639594199371521
"CAM02039CCTV45",3,"red",FALSE,"within",5,0.885037494230324,0.0436976234829792
"CAM02039CCTV45",12,"green",FALSE,"within",5,185.665844233137,0.868398095456692
"CAM02039CCTV45",4,"red",FALSE,"within",5,2.2386404762494,0.0719938452761667
"CAM02040CCTV46",5,"green",FALSE,"within",4,44.1117916185146,0.438656224949165
"CAM02040CCTV46",7,"green",FALSE,"within",4,122.006213261839,0.700804501820905
"CAM02040CCTV46",2,"green",FALSE,"within",4,4.98733741559181,0.112468791012521
"CAM02040CCTV46",8,"green",FALSE,"within",4,150.255030706718,0.898508136781682
"CAM02040CCTV46",20,"red",FALSE,"within",4,88.91810064413,0.651182669452763
"CAM02040CCTV46",1,"green",FALSE,"within",4,8.36656511869525,0.127656967420504
"CAM02040CCTV46",3,"green",FALSE,"within",4,6.18643007454424,0.142320145907482
"CAM02040CCTV46",15,"red",FALSE,"within",4,235.477587622725,1.16400576538483
"CAM02040CCTV46",4,"green",FALSE,"within",4,15.4573131813895,0.229443792094909
"CAM02040CCTV46",16,"green",FALSE,"within",4,283.21123388751,1.09286089216795
"CAM02040CCTV46",6,"green",FALSE,"within",4,87.0055892478793,0.690576618324328
"CAM02040CCTV46",19,"red",FALSE,"within",4,124.436711409877,0.698533676064415
"CAM02040CCTV46",2,"red",FALSE,"within",4,3.76478731231643,0.0855418875947169
"CAM02040CCTV46",0,"green",FALSE,"within",4,18.9975095989322,0.236246768515203
"CAM02040CCTV46",9,"green",FALSE,"within",4,184.644374339592,0.841911470635873
"CAM02040CCTV46",22,"green",FALSE,"within",4,40.2807794113879,0.391459291332477
"CAM02040CCTV46",10,"green",FALSE,"within",4,225.905450627093,1.04812926362636
"CAM02040CCTV46",5,"red",FALSE,"within",4,33.2986320295362,0.343523544776626
"CAM02040CCTV46",13,"red",FALSE,"within",4,253.255701401537,1.23439913660995
"CAM02040CCTV46",18,"red",FALSE,"within",4,158.111602299429,0.894266674511427
"CAM02040CCTV46",11,"red",FALSE,"within",4,204.72737646541,1.01593341240274
"CAM02040CCTV46",23,"green",FALSE,"within",4,18.9975095989322,0.236246768515204
"CAM02040CCTV46",16,"red",FALSE,"within",4,213.787432290393,1.01191414075609
"CAM02040CCTV46",21,"red",FALSE,"within",4,55.8648469860841,0.424964794329073
"CAM02040CCTV46",14,"red",FALSE,"within",4,251.251574756398,1.0968727740694
"CAM02040CCTV46",21,"green",FALSE,"within",4,74.0059978098947,0.524784733548326
"CAM02040CCTV46",17,"red",FALSE,"within",4,188.149321147268,0.951826248728062
"CAM02040CCTV46",0,"red",FALSE,"within",4,14.3406345197486,0.182649907860505
"CAM02040CCTV46",17,"green",FALSE,"within",4,249.247585914384,1.05920312572427
"CAM02040CCTV46",10,"red",FALSE,"within",4,170.529062590621,0.918142486251939
"CAM02040CCTV46",18,"green",FALSE,"within",4,209.455633099742,1.03520767560813
"CAM02040CCTV46",3,"red",FALSE,"within",4,4.66994540621295,0.108214338890099
"CAM02040CCTV46",20,"green",FALSE,"within",4,117.792728639688,0.799195811240904
"CAM02040CCTV46",1,"red",FALSE,"within",4,6.31566216235149,0.0979348563978863
"CAM02040CCTV46",22,"red",FALSE,"within",4,30.406718980776,0.307098353782072
"CAM02040CCTV46",11,"green",FALSE,"within",4,271.209080338101,1.12314184531367
"CAM02040CCTV46",6,"red",FALSE,"within",4,65.6778379335222,0.551507780570413
"CAM02040CCTV46",9,"red",FALSE,"within",4,139.382347709437,0.741239815315926
"CAM02040CCTV46",15,"green",FALSE,"within",4,311.944895118529,1.2831590581106
"CAM02040CCTV46",12,"red",FALSE,"within",4,235.688393757391,1.07559690827197
"CAM02040CCTV46",19,"green",FALSE,"within",4,164.84539901029,0.806286158591803
"CAM02040CCTV46",12,"green",FALSE,"within",4,312.224156929525,1.13912399050732
"CAM02040CCTV46",4,"red",FALSE,"within",4,11.6682493480123,0.176175640482914
"CAM02040CCTV46",13,"green",FALSE,"within",4,335.496146403734,1.3509710150029
"CAM02040CCTV46",23,"red",FALSE,"within",4,14.3406345197486,0.182649907860505
"CAM02040CCTV46",8,"red",FALSE,"within",4,113.422892032109,0.746226407421789
"CAM02040CCTV46",7,"red",FALSE,"within",4,92.0987303317312,0.586265574280074
"CAM02040CCTV46",14,"green",FALSE,"within",4,332.841214006839,1.12995487524022
"CAM02042CCTV49",10,"red",FALSE,"within",4,72.409670559917,0.541582900374557
"CAM02042CCTV49",20,"red",FALSE,"within",4,50.4163689064918,0.475770591744624
"CAM02042CCTV49",15,"red",FALSE,"within",4,111.662326069112,0.709948199124015
"CAM02042CCTV49",14,"red",FALSE,"within",4,109.852761990547,0.621573221000741
"CAM02042CCTV49",2,"red",FALSE,"within",4,2.62698502470383,0.0748431592179589
"CAM02042CCTV49",16,"red",FALSE,"within",4,113.472041121031,0.674646495294449
"CAM02042CCTV49",19,"red",FALSE,"within",4,81.0882144748759,0.553579581655305
"CAM02042CCTV49",7,"green",FALSE,"within",4,47.9087810686352,0.423532914603357
"CAM02042CCTV49",22,"green",FALSE,"within",4,11.4234710738489,0.193805892232695
"CAM02042CCTV49",5,"green",FALSE,"within",4,16.0398403339896,0.250992504930023
"CAM02042CCTV49",13,"red",FALSE,"within",4,105.111543166107,0.698424332686432
"CAM02042CCTV49",18,"red",FALSE,"within",4,102.855350335214,0.693790072206997
"CAM02042CCTV49",11,"red",FALSE,"within",4,83.1078143788893,0.568409980658251
"CAM02042CCTV49",18,"green",FALSE,"within",4,136.255861106,0.84088537878852
"CAM02042CCTV49",23,"green",FALSE,"within",4,5.05264201499192,0.110140400276923
"CAM02042CCTV49",21,"red",FALSE,"within",4,22.7879852562453,0.248580533018066
"CAM02042CCTV49",9,"red",FALSE,"within",4,63.1344186989091,0.456948698054831
"CAM02042CCTV49",21,"green",FALSE,"within",4,30.187992591937,0.318833822146659
"CAM02042CCTV49",17,"red",FALSE,"within",4,112.538507301456,0.680201608841251
"CAM02042CCTV49",0,"red",FALSE,"within",4,3.81408374180781,0.0837820617151137
"CAM02042CCTV49",7,"red",FALSE,"within",4,36.164862347566,0.334474738576725
"CAM02042CCTV49",22,"red",FALSE,"within",4,8.62322625836154,0.148164978054209
"CAM02042CCTV49",5,"red",FALSE,"within",4,12.1079811428439,0.192300283139435
"CAM02042CCTV49",3,"red",FALSE,"within",4,3.68759592303821,0.105190786884165
"CAM02042CCTV49",20,"green",FALSE,"within",4,66.7882199302558,0.603267516618155
"CAM02042CCTV49",1,"red",FALSE,"within",4,2.58005496548859,0.0578837678013749
"CAM02042CCTV49",8,"green",FALSE,"within",4,68.0050612456335,0.600145021908178
"CAM02042CCTV49",23,"red",FALSE,"within",4,3.81408374180781,0.0837820617151137
"CAM02042CCTV49",6,"green",FALSE,"within",4,29.1736098584833,0.372650454447604
"CAM02042CCTV49",4,"red",FALSE,"within",4,6.40919741122094,0.124277230787254
"CAM02042CCTV49",9,"green",FALSE,"within",4,83.6362382434218,0.561049418734188
"CAM02042CCTV49",12,"red",FALSE,"within",4,95.2560737349981,0.584335984896293
"CAM02042CCTV49",19,"green",FALSE,"within",4,107.420221240931,0.672206952770067
"CAM02042CCTV49",2,"green",FALSE,"within",4,3.48005335149823,0.0986964027180768
"CAM02042CCTV49",17,"green",FALSE,"within",4,149.083457204403,0.804797482269565
"CAM02042CCTV49",0,"green",FALSE,"within",4,5.05264201499192,0.110140400276923
"CAM02042CCTV49",10,"green",FALSE,"within",4,95.9234690503541,0.668437226654335
"CAM02042CCTV49",8,"red",FALSE,"within",4,51.3349249141352,0.47402628184537
"CAM02042CCTV49",15,"green",FALSE,"within",4,147.922751145759,0.850317999052485
"CAM02042CCTV49",4,"green",FALSE,"within",4,8.4904743352497,0.163009938542669
"CAM02042CCTV49",1,"green",FALSE,"within",4,3.4178835605317,0.0761189924471245
"CAM02042CCTV49",6,"red",FALSE,"within",4,22.022258992608,0.287594120647981
"CAM02042CCTV49",16,"green",FALSE,"within",4,150.320140119226,0.794963043386058
"CAM02042CCTV49",11,"green",FALSE,"within",4,110.095651572111,0.691013363666807
"CAM02042CCTV49",12,"green",FALSE,"within",4,126.188849778242,0.693977632166476
"CAM02042CCTV49",14,"green",FALSE,"within",4,145.525562171654,0.72226175602722
"CAM02042CCTV49",3,"green",FALSE,"within",4,4.88507944668894,0.138716332299791
"CAM02042CCTV49",13,"green",FALSE,"within",4,139.244713858847,0.844294783208865
"CAM02046CCTV52",2,"red",FALSE,"between",4,0.0214531470677953,0.00238326298164331
"CAM02046CCTV52",1,"red",FALSE,"between",4,0.0200284976527476,0.00214673270375766
"CAM02046CCTV52",9,"green",FALSE,"between",4,44.1615651354503,0.421495940843526
"CAM02046CCTV52",5,"green",FALSE,"between",4,11.7727994054632,0.264167071679435
"CAM02046CCTV52",7,"green",FALSE,"between",4,36.2427399521207,0.408093996242003
"CAM02046CCTV52",20,"green",FALSE,"between",4,16.1200882041805,0.309623501399322
"CAM02046CCTV52",18,"green",FALSE,"between",4,41.4548990294977,0.457872490350587
"CAM02046CCTV52",3,"green",FALSE,"between",4,0.137831220506706,0.0139987326439172
"CAM02046CCTV52",16,"green",FALSE,"between",4,70.1271033870214,0.555697748151723
"CAM02046CCTV52",4,"green",FALSE,"between",4,1.40456313916776,0.0850226268658657
"CAM02046CCTV52",21,"green",FALSE,"between",4,3.93931004025628,0.144459794959455
"CAM02046CCTV52",0,"red",FALSE,"between",4,0.0564155741946125,0.00602081666848557
"CAM02046CCTV52",2,"green",FALSE,"between",4,0.0341426408682365,0.0037910219344245
"CAM02046CCTV52",22,"green",FALSE,"between",4,0.553058367235816,0.0435484089507558
"CAM02046CCTV52",0,"green",FALSE,"between",4,0.0897852740679486,0.00957691599686768
"CAM02046CCTV52",10,"green",FALSE,"between",4,57.5111903541403,0.545886565612784
"CAM02046CCTV52",3,"red",FALSE,"between",4,0.0866047080387081,0.00880133477410467
"CAM02046CCTV52",15,"green",FALSE,"between",4,79.4057009005465,0.674596569344892
"CAM02046CCTV52",8,"green",FALSE,"between",4,35.8595043563691,0.444632809747068
"CAM02046CCTV52",23,"green",FALSE,"between",4,0.0897852740679486,0.00957691599686768
"CAM02046CCTV52",6,"green",FALSE,"between",4,31.6357947961577,0.481794156922315
"CAM02046CCTV52",11,"green",FALSE,"between",4,65.9532445161088,0.562853799076802
"CAM02046CCTV52",4,"red",FALSE,"between",4,0.882541561645947,0.0535145213359776
"CAM02046CCTV52",21,"red",FALSE,"between",4,2.47522146764817,0.0911916336792138
"CAM02046CCTV52",19,"green",FALSE,"between",4,31.0982737427612,0.41743698972869
"CAM02046CCTV52",19,"red",FALSE,"between",4,19.5402529854883,0.27132073779
"CAM02046CCTV52",17,"green",FALSE,"between",4,54.3077145494592,0.531392243971053
"CAM02046CCTV52",17,"red",FALSE,"between",4,34.1236459019571,0.354943588653591
"CAM02046CCTV52",5,"red",FALSE,"between",4,7.39730702202418,0.168030748660579
"CAM02046CCTV52",22,"red",FALSE,"between",4,0.34750804822549,0.0273905270504628
"CAM02046CCTV52",15,"red",FALSE,"between",4,49.8936853190401,0.458565733342031
"CAM02046CCTV52",20,"red",FALSE,"between",4,10.1288773860444,0.197847320615746
"CAM02046CCTV52",1,"green",FALSE,"between",4,0.0318753141591341,0.00341466777025815
"CAM02046CCTV52",18,"red",FALSE,"between",4,26.0477228165378,0.302140203459587
"CAM02046CCTV52",11,"red",FALSE,"between",4,41.4409845935104,0.382379558088561
"CAM02046CCTV52",23,"red",FALSE,"between",4,0.0564155741946126,0.00602081666848558
"CAM02046CCTV52",16,"red",FALSE,"between",4,44.063582199345,0.381967206344488
"CAM02046CCTV52",13,"red",FALSE,"between",4,44.1648539786962,0.414893512080831
"CAM02046CCTV52",14,"green",FALSE,"between",4,76.631774705597,0.548261274672387
"CAM02046CCTV52",10,"red",FALSE,"between",4,36.1365141458393,0.365748382015478
"CAM02046CCTV52",12,"green",FALSE,"between",4,67.8700761525336,0.530887634187554
"CAM02046CCTV52",12,"red",FALSE,"between",4,42.6454043441419,0.365607861591285
"CAM02046CCTV52",13,"green",FALSE,"between",4,70.2882772223355,0.61248735517991
"CAM02046CCTV52",6,"red",FALSE,"between",4,19.8779983360911,0.310768804063974
"CAM02046CCTV52",9,"red",FALSE,"between",4,27.7484262348383,0.28234632105964
"CAM02046CCTV52",7,"red",FALSE,"between",4,22.7727208722172,0.268789960355633
"CAM02046CCTV52",14,"red",FALSE,"between",4,48.1507197750119,0.38365757499261
"CAM02046CCTV52",8,"red",FALSE,"between",4,22.5319190657898,0.290534972782088
"collegeTwp",21,"red",FALSE,"between",4,18.4239925439237,0.210548895705193
"collegeTwp",15,"red",FALSE,"between",4,246.175906625128,1.25643671249595
"collegeTwp",17,"red",FALSE,"between",4,191.54969830456,1.02670890845807
"collegeTwp",0,"red",FALSE,"between",4,2.31698897528076,0.0585928510914309
"collegeTwp",11,"red",FALSE,"between",4,166.543713928233,0.902889926233926
"collegeTwp",23,"red",FALSE,"between",4,2.31698897528076,0.0585928510914309
"collegeTwp",16,"red",FALSE,"between",4,233.82136149307,1.14557661755292
"collegeTwp",19,"red",FALSE,"between",4,83.743574357971,0.57032865614181
"collegeTwp",14,"red",FALSE,"between",4,229.197639030548,1.09029804696555
"collegeTwp",10,"red",FALSE,"between",4,147.194921874027,0.847970009810486
"collegeTwp",12,"red",FALSE,"between",4,182.827040290687,0.924757114627708
"collegeTwp",19,"green",FALSE,"between",4,133.277731947255,0.7821463905966
"collegeTwp",22,"red",FALSE,"between",4,6.69734355109487,0.129226480714346
"collegeTwp",1,"red",FALSE,"between",4,0.90376010672662,0.0262641952758926
"collegeTwp",20,"red",FALSE,"between",4,43.3933423852982,0.406276283774012
"collegeTwp",4,"red",FALSE,"between",4,4.69169659320657,0.112638604462256
"collegeTwp",18,"red",FALSE,"between",4,136.135180298678,0.804241708220204
"collegeTwp",9,"green",FALSE,"between",4,197.12074208486,0.891647050253895
"collegeTwp",18,"green",FALSE,"between",4,216.65886854651,1.0393727528804
"collegeTwp",7,"red",FALSE,"between",4,83.7823551744284,0.558177927600904
"collegeTwp",14,"green",FALSE,"between",4,364.76758643094,1.19729946925968
"collegeTwp",5,"red",FALSE,"between",4,22.0135135294015,0.259986912165411
"collegeTwp",22,"green",FALSE,"between",4,10.6588089343543,0.202368146527496
"collegeTwp",10,"green",FALSE,"between",4,234.260425255617,1.0828079705824
"collegeTwp",13,"red",FALSE,"between",4,202.938101102478,1.08080831566288
"collegeTwp",20,"green",FALSE,"between",4,69.0604180566931,0.600806334247731
"collegeTwp",15,"green",FALSE,"between",4,391.78846552223,1.47627011839235
"collegeTwp",6,"red",FALSE,"between",4,56.176567735166,0.507699140306071
"collegeTwp",23,"green",FALSE,"between",4,3.6874833435244,0.0923886359468085
"collegeTwp",11,"green",FALSE,"between",4,265.053989307237,1.11070311872468
"collegeTwp",9,"red",FALSE,"between",4,123.858616747881,0.703757962504607
"collegeTwp",2,"red",FALSE,"between",4,0.602551679174437,0.0232593021370531
"collegeTwp",5,"green",FALSE,"between",4,35.0344629767955,0.395836308963266
"collegeTwp",3,"green",FALSE,"between",4,1.72875344744733,0.0663108487600085
"collegeTwp",7,"green",FALSE,"between",4,133.339451539476,0.76086809372536
"collegeTwp",17,"green",FALSE,"between",4,304.850963682119,1.25231306564476
"collegeTwp",8,"green",FALSE,"between",4,162.48748174951,0.953020664718767
"collegeTwp",1,"green",FALSE,"between",4,1.43833241144033,0.0415069439684626
"collegeTwp",8,"red",FALSE,"between",4,102.097194417404,0.694167296906403
"collegeTwp",4,"green",FALSE,"between",4,7.4668257919626,0.177411550737348
"collegeTwp",21,"green",FALSE,"between",4,29.321747471286,0.319413927647152
"collegeTwp",0,"green",FALSE,"between",4,3.6874833435244,0.0923886359468086
"collegeTwp",6,"green",FALSE,"between",4,89.4048957633445,0.747252948474692
"collegeTwp",2,"green",FALSE,"between",4,0.958959798373297,0.0368698841893925
"collegeTwp",12,"green",FALSE,"between",4,290.968870810479,1.07853318298663
"collegeTwp",3,"red",FALSE,"between",4,1.08624292113703,0.0418333101033321
"collegeTwp",16,"green",FALSE,"between",4,372.126231529183,1.29747239340365
"collegeTwp",13,"green",FALSE,"between",4,322.975584072937,1.31231045343177
"parkArboretum",17,"red",FALSE,"within",3,5.32359164403934,0.141846903488245
"parkArboretum",18,"red",FALSE,"within",3,3.66176123552527,0.108633257684099
"parkArboretum",14,"red",FALSE,"within",3,15.4256960576799,0.218176585987617
"parkArboretum",20,"red",FALSE,"within",3,1.40865804211506,0.0768976002787284
"parkArboretum",19,"red",FALSE,"within",3,2.78991531271007,0.109618353985224
"parkArboretum",11,"red",FALSE,"within",3,16.8199821095259,0.246505449897838
"parkArboretum",12,"red",FALSE,"within",3,17.4076708329959,0.241079866710927
"parkArboretum",4,"red",FALSE,"within",3,0.0367203315619324,0.00810454104519083
"parkArboretum",13,"red",FALSE,"within",3,16.865740209964,0.260306184964417
"parkArboretum",21,"red",FALSE,"within",3,0.267592327212847,0.0349972908823989
"parkArboretum",9,"green",FALSE,"within",3,15.2803797901235,0.250025395658344
"parkArboretum",7,"red",FALSE,"within",3,8.70031819811097,0.184812799383317
"parkArboretum",0,"red",FALSE,"within",3,0.00180834844917714,0.000709658781287908
"parkArboretum",5,"red",FALSE,"within",3,0.975982019671007,0.0734704791068931
"parkArboretum",22,"green",FALSE,"within",3,0.0296663697237613,0.00854741926482045
"parkArboretum",5,"green",FALSE,"within",3,1.29291543979815,0.0972653073338841
"parkArboretum",15,"red",FALSE,"within",3,12.5270861379067,0.231069193755372
"parkArboretum",8,"red",FALSE,"within",3,9.41841142137334,0.199653451638701
"parkArboretum",1,"red",FALSE,"within",3,0.000308085455935623,0.0001221403334113
"parkArboretum",18,"green",FALSE,"within",3,4.85085538754173,0.143302815223351
"parkArboretum",23,"green",FALSE,"within",3,0.00239557858992555,0.000940086582562961
"parkArboretum",11,"green",FALSE,"within",3,22.2819827908974,0.320891479612167
"parkArboretum",16,"green",FALSE,"within",3,11.2984614644393,0.207420852736628
"parkArboretum",9,"red",FALSE,"within",3,11.5346877837835,0.191321585427937
"parkArboretum",2,"red",FALSE,"within",3,0.000221450389679762,8.8354909311993e-05
"parkArboretum",19,"green",FALSE,"within",3,3.69589245583443,0.144863590052858
"parkArboretum",7,"green",FALSE,"within",3,11.5255972986944,0.242816170176341
"parkArboretum",17,"green",FALSE,"within",3,7.052336716284,0.18692958439395
"parkArboretum",22,"red",FALSE,"within",3,0.0223942282287415,0.00645246410330038
"parkArboretum",10,"green",FALSE,"within",3,19.3415487630133,0.308826480381075
"parkArboretum",3,"green",FALSE,"within",3,0.00167856121423208,0.000604297929483104
"parkArboretum",20,"green",FALSE,"within",3,1.86609557895372,0.101740904925236
"parkArboretum",6,"red",FALSE,"within",3,5.49239176702707,0.171856582510688
"parkArboretum",1,"green",FALSE,"within",3,0.000408130923242511,0.000161799633122267
"parkArboretum",6,"green",FALSE,"within",3,7.27595178382821,0.226803904457337
"parkArboretum",16,"red",FALSE,"within",3,8.52886035683829,0.158280733706487
"parkArboretum",4,"green",FALSE,"within",3,0.0486446293825508,0.010735538036242
"parkArboretum",21,"green",FALSE,"within",3,0.354488345534922,0.0463520513111052
"parkArboretum",14,"green",FALSE,"within",3,20.4349262595337,0.283640406997092
"parkArboretum",2,"green",FALSE,"within",3,0.000293362605248398,0.00011704398255031
"parkArboretum",12,"green",FALSE,"within",3,23.0605133468453,0.31315875305157
"parkArboretum",0,"green",FALSE,"within",3,0.00239557858992555,0.000940086582562961
"parkArboretum",10,"red",FALSE,"within",3,14.6003390819109,0.236475723214099
"parkArboretum",3,"red",FALSE,"within",3,0.00126709412973165,0.000456178816782334
"parkArboretum",15,"green",FALSE,"within",3,16.5950424874021,0.302764842250782
"parkArboretum",8,"green",FALSE,"within",3,12.4768789789484,0.262305413041199
"parkArboretum",13,"green",FALSE,"within",3,22.3426000495761,0.339449426574929
"parkArboretum",23,"red",FALSE,"within",3,0.00180834844917714,0.000709658781287908
