"","Jurisdiction","Date","New.Cases","X7.day.Average.New.Cases","Cumulative.cases","Population..2018.","New.Case.Rate","X7.Day.Average.New.Case.Rate","Cumulative.Case.Rate","County.FIPS.Code","Longitude","Latitude","Georeferenced.Lat...Long","Date_adj","phase","phase2"
"238","Centre",2020-03-09,0,0,0,162805,0,0,0,42027,-77.82500112,40.9193135,"POINT (-77.82500112 40.9193135)",2020-02-24,"pop","base"
"260","Centre",2020-07-24,8,5,313,162805,4.9,3.1,192.3,42027,-77.82500112,40.9193135,"POINT (-77.82500112 40.9193135)",2020-07-10,"green","green"
"276","Centre",2020-03-14,0,0,0,162805,0,0,0,42027,-77.82500112,40.9193135,"POINT (-77.82500112 40.9193135)",2020-02-29,"pop","base"
"338","Centre",2020-04-15,1,2.1,81,162805,0.6,1.3,49.8,42027,-77.82500112,40.9193135,"POINT (-77.82500112 40.9193135)",2020-04-01,"red","red"
"394","Centre",2020-08-25,5,3.4,434,162805,3.1,2.1,266.6,42027,-77.82500112,40.9193135,"POINT (-77.82500112 40.9193135)",2020-08-11,"return","green"
"595","Centre",2020-03-28,8,3.9,28,162805,4.9,2.4,17.2,42027,-77.82500112,40.9193135,"POINT (-77.82500112 40.9193135)",2020-03-14,"red","pop"
"635","Centre",2020-03-29,1,3.7,29,162805,0.6,2.3,17.8,42027,-77.82500112,40.9193135,"POINT (-77.82500112 40.9193135)",2020-03-15,"red","pop"
"801","Centre",2020-06-18,3,1.3,179,162805,1.8,0.8,109.9,42027,-77.82500112,40.9193135,"POINT (-77.82500112 40.9193135)",2020-06-04,"green","green"
"809","Centre",2020-08-08,3,2.7,375,162805,1.8,1.7,230.3,42027,-77.82500112,40.9193135,"POINT (-77.82500112 40.9193135)",2020-07-25,"green","green"
"1273","Centre",2020-07-20,5,6,295,162805,3.1,3.7,181.2,42027,-77.82500112,40.9193135,"POINT (-77.82500112 40.9193135)",2020-07-06,"green","green"
"1327","Centre",2020-06-01,0,1.1,157,162805,0,0.7,96.4,42027,-77.82500112,40.9193135,"POINT (-77.82500112 40.9193135)",2020-05-18,"green","yellow"
"1573","Centre",2020-07-07,3,3.9,234,162805,1.8,2.4,143.7,42027,-77.82500112,40.9193135,"POINT (-77.82500112 40.9193135)",2020-06-23,"green","green"
"1595","Centre",2020-04-10,8,4.1,76,162805,4.9,2.5,46.7,42027,-77.82500112,40.9193135,"POINT (-77.82500112 40.9193135)",2020-03-27,"red","red"
"1625","Centre",2020-08-21,5,3.4,419,162805,3.1,2.1,257.4,42027,-77.82500112,40.9193135,"POINT (-77.82500112 40.9193135)",2020-08-07,"return","green"
"1768","Centre",2020-05-04,0,2.1,115,162805,0,1.3,70.6,42027,-77.82500112,40.9193135,"POINT (-77.82500112 40.9193135)",2020-04-20,"red","red"
"1927","Centre",2020-06-22,7,2.7,195,162805,4.3,1.7,119.8,42027,-77.82500112,40.9193135,"POINT (-77.82500112 40.9193135)",2020-06-08,"green","green"
"2067","Centre",2020-07-03,7,3.6,226,162805,4.3,2.2,138.8,42027,-77.82500112,40.9193135,"POINT (-77.82500112 40.9193135)",2020-06-19,"green","green"
"2109","Centre",2020-05-17,1,1.6,139,162805,0.6,1,85.4,42027,-77.82500112,40.9193135,"POINT (-77.82500112 40.9193135)",2020-05-03,"yellow","red"
"2196","Centre",2020-08-04,3,2.6,363,162805,1.8,1.6,223,42027,-77.82500112,40.9193135,"POINT (-77.82500112 40.9193135)",2020-07-21,"green","green"
"2318","Centre",2020-04-05,1,3.6,54,162805,0.6,2.2,33.2,42027,-77.82500112,40.9193135,"POINT (-77.82500112 40.9193135)",2020-03-22,"red","local"
"2374","Centre",2020-08-15,1,3,396,162805,0.6,1.8,243.2,42027,-77.82500112,40.9193135,"POINT (-77.82500112 40.9193135)",2020-08-01,"return","green"
"2599","Centre",2020-04-06,7,4.1,61,162805,4.3,2.5,37.5,42027,-77.82500112,40.9193135,"POINT (-77.82500112 40.9193135)",2020-03-23,"red","local"
"2681","Centre",2020-08-16,1,3.1,397,162805,0.6,1.9,243.9,42027,-77.82500112,40.9193135,"POINT (-77.82500112 40.9193135)",2020-08-02,"return","green"
"2720","Centre",2020-03-01,0,NA,0,162805,0,NA,0,42027,-77.82500112,40.9193135,"POINT (-77.82500112 40.9193135)",2020-02-16,"base","base"
"2763","Centre",2020-07-02,6,2.9,219,162805,3.7,1.8,134.5,42027,-77.82500112,40.9193135,"POINT (-77.82500112 40.9193135)",2020-06-18,"green","green"
"2824","Centre",2020-06-05,1,0.4,158,162805,0.6,0.3,97,42027,-77.82500112,40.9193135,"POINT (-77.82500112 40.9193135)",2020-05-22,"green","yellow"
"2858","Centre",2020-05-31,1,1.3,157,162805,0.6,0.8,96.4,42027,-77.82500112,40.9193135,"POINT (-77.82500112 40.9193135)",2020-05-17,"green","yellow"
"2893","Centre",2020-07-29,5,6.7,350,162805,3.1,4.1,215,42027,-77.82500112,40.9193135,"POINT (-77.82500112 40.9193135)",2020-07-15,"green","green"
"2933","Centre",2020-04-30,0,2.6,103,162805,0,1.6,63.3,42027,-77.82500112,40.9193135,"POINT (-77.82500112 40.9193135)",2020-04-16,"red","red"
"3293","Centre",2020-03-05,0,NA,0,162805,0,NA,0,42027,-77.82500112,40.9193135,"POINT (-77.82500112 40.9193135)",2020-02-20,"base","base"
"3306","Centre",2020-05-21,1,1,143,162805,0.6,0.6,87.8,42027,-77.82500112,40.9193135,"POINT (-77.82500112 40.9193135)",2020-05-07,"yellow","red"
"3357","Centre",2020-04-25,0,1,88,162805,0,0.6,54.1,42027,-77.82500112,40.9193135,"POINT (-77.82500112 40.9193135)",2020-04-11,"red","red"
"3540","Centre",2020-07-14,9,4,262,162805,5.5,2.5,160.9,42027,-77.82500112,40.9193135,"POINT (-77.82500112 40.9193135)",2020-06-30,"green","green"
"3758","Centre",2020-05-11,4,2.4,132,162805,2.5,1.5,81.1,42027,-77.82500112,40.9193135,"POINT (-77.82500112 40.9193135)",2020-04-27,"yellow","red"
"3803","Centre",2020-03-18,0,0,0,162805,0,0,0,42027,-77.82500112,40.9193135,"POINT (-77.82500112 40.9193135)",2020-03-04,"local","base"
"3866","Centre",2020-04-19,0,0.6,81,162805,0,0.4,49.8,42027,-77.82500112,40.9193135,"POINT (-77.82500112 40.9193135)",2020-04-05,"red","red"
"4107","Centre",2020-06-27,1,2.7,202,162805,0.6,1.7,124.1,42027,-77.82500112,40.9193135,"POINT (-77.82500112 40.9193135)",2020-06-13,"green","green"
"4261","Centre",2020-05-26,1,1.3,150,162805,0.6,0.8,92.1,42027,-77.82500112,40.9193135,"POINT (-77.82500112 40.9193135)",2020-05-12,"yellow","yellow"
"4318","Centre",2020-04-29,1,2.9,103,162805,0.6,1.8,63.3,42027,-77.82500112,40.9193135,"POINT (-77.82500112 40.9193135)",2020-04-15,"red","red"
"4342","Centre",2020-04-02,5,3.7,41,162805,3.1,2.3,25.2,42027,-77.82500112,40.9193135,"POINT (-77.82500112 40.9193135)",2020-03-19,"red","local"
"4374","Centre",2020-08-03,1,2.6,360,162805,0.6,1.6,221.1,42027,-77.82500112,40.9193135,"POINT (-77.82500112 40.9193135)",2020-07-20,"green","green"
"4440","Centre",2020-03-24,1,1.6,11,162805,0.6,1,6.8,42027,-77.82500112,40.9193135,"POINT (-77.82500112 40.9193135)",2020-03-10,"local","pop"
"4497","Centre",2020-06-12,1,1.9,171,162805,0.6,1.1,105,42027,-77.82500112,40.9193135,"POINT (-77.82500112 40.9193135)",2020-05-29,"green","green"
"4995","Centre",2020-05-07,0,3.4,127,162805,0,2.1,78,42027,-77.82500112,40.9193135,"POINT (-77.82500112 40.9193135)",2020-04-23,"red","red"
"5225","Centre",2020-06-23,1,2.9,196,162805,0.6,1.8,120.4,42027,-77.82500112,40.9193135,"POINT (-77.82500112 40.9193135)",2020-06-09,"green","green"
"5335","Centre",2020-07-21,4,5.3,299,162805,2.5,3.2,183.7,42027,-77.82500112,40.9193135,"POINT (-77.82500112 40.9193135)",2020-07-07,"green","green"
"5352","Centre",2020-03-27,5,2.7,20,162805,3.1,1.7,12.3,42027,-77.82500112,40.9193135,"POINT (-77.82500112 40.9193135)",2020-03-13,"red","pop"
"5390","Centre",2020-05-22,2,1.3,145,162805,1.2,0.8,89.1,42027,-77.82500112,40.9193135,"POINT (-77.82500112 40.9193135)",2020-05-08,"yellow","yellow"
"5462","Centre",2020-08-22,1,3.4,420,162805,0.6,2.1,258,42027,-77.82500112,40.9193135,"POINT (-77.82500112 40.9193135)",2020-08-08,"return","green"
"5474","Centre",2020-04-28,2,2.7,102,162805,1.2,1.7,62.7,42027,-77.82500112,40.9193135,"POINT (-77.82500112 40.9193135)",2020-04-14,"red","red"
"5702","Centre",2020-05-29,3,1.4,155,162805,1.8,0.9,95.2,42027,-77.82500112,40.9193135,"POINT (-77.82500112 40.9193135)",2020-05-15,"green","yellow"
"5719","Centre",2020-06-08,1,0.6,161,162805,0.6,0.4,98.9,42027,-77.82500112,40.9193135,"POINT (-77.82500112 40.9193135)",2020-05-25,"green","yellow"
"5796","Centre",2020-08-11,4,2.4,380,162805,2.5,1.5,233.4,42027,-77.82500112,40.9193135,"POINT (-77.82500112 40.9193135)",2020-07-28,"green","green"
"5822","Centre",2020-08-09,0,2.3,375,162805,0,1.4,230.3,42027,-77.82500112,40.9193135,"POINT (-77.82500112 40.9193135)",2020-07-26,"green","green"
"5856","Centre",2020-03-12,0,0,0,162805,0,0,0,42027,-77.82500112,40.9193135,"POINT (-77.82500112 40.9193135)",2020-02-27,"pop","base"
"5875","Centre",2020-03-30,3,3.1,32,162805,1.8,1.9,19.7,42027,-77.82500112,40.9193135,"POINT (-77.82500112 40.9193135)",2020-03-16,"red","pop"
"5888","Centre",2020-07-04,2,3.7,228,162805,1.2,2.3,140,42027,-77.82500112,40.9193135,"POINT (-77.82500112 40.9193135)",2020-06-20,"green","green"
"6052","Centre",2020-08-05,3,2.3,366,162805,1.8,1.4,224.8,42027,-77.82500112,40.9193135,"POINT (-77.82500112 40.9193135)",2020-07-22,"green","green"
"6147","Centre",2020-06-06,1,0.4,159,162805,0.6,0.3,97.7,42027,-77.82500112,40.9193135,"POINT (-77.82500112 40.9193135)",2020-05-23,"green","yellow"
"6196","Centre",2020-05-05,8,3,123,162805,4.9,1.8,75.6,42027,-77.82500112,40.9193135,"POINT (-77.82500112 40.9193135)",2020-04-21,"red","red"
"6385","Centre",2020-06-19,4,1.7,183,162805,2.5,1.1,112.4,42027,-77.82500112,40.9193135,"POINT (-77.82500112 40.9193135)",2020-06-05,"green","green"
"6399","Centre",2020-05-14,0,1.3,136,162805,0,0.8,83.5,42027,-77.82500112,40.9193135,"POINT (-77.82500112 40.9193135)",2020-04-30,"yellow","red"
"6433","Centre",2020-03-15,0,0,0,162805,0,0,0,42027,-77.82500112,40.9193135,"POINT (-77.82500112 40.9193135)",2020-03-01,"pop","base"
"6494","Centre",2020-07-25,16,6.7,329,162805,9.8,4.1,202.1,42027,-77.82500112,40.9193135,"POINT (-77.82500112 40.9193135)",2020-07-11,"green","green"
"6547","Centre",2020-05-18,0,1,139,162805,0,0.6,85.4,42027,-77.82500112,40.9193135,"POINT (-77.82500112 40.9193135)",2020-05-04,"yellow","red"
"6593","Centre",2020-04-16,0,1.9,81,162805,0,1.1,49.8,42027,-77.82500112,40.9193135,"POINT (-77.82500112 40.9193135)",2020-04-02,"red","red"
"6604","Centre",2020-07-10,2,2.4,243,162805,1.2,1.5,149.3,42027,-77.82500112,40.9193135,"POINT (-77.82500112 40.9193135)",2020-06-26,"green","green"
"6616","Centre",2020-07-08,3,3.4,237,162805,1.8,2.1,145.6,42027,-77.82500112,40.9193135,"POINT (-77.82500112 40.9193135)",2020-06-24,"green","green"
"6941","Centre",2020-04-21,0,0.4,83,162805,0,0.3,51,42027,-77.82500112,40.9193135,"POINT (-77.82500112 40.9193135)",2020-04-07,"red","red"
"7025","Centre",2020-06-02,0,1,157,162805,0,0.6,96.4,42027,-77.82500112,40.9193135,"POINT (-77.82500112 40.9193135)",2020-05-19,"green","yellow"
"7226","Centre",2020-07-01,6,2.1,213,162805,3.7,1.3,130.8,42027,-77.82500112,40.9193135,"POINT (-77.82500112 40.9193135)",2020-06-17,"green","green"
"7440","Centre",2020-05-01,2,2.4,105,162805,1.2,1.5,64.5,42027,-77.82500112,40.9193135,"POINT (-77.82500112 40.9193135)",2020-04-17,"red","red"
"7448","Centre",2020-05-15,0,1.3,136,162805,0,0.8,83.5,42027,-77.82500112,40.9193135,"POINT (-77.82500112 40.9193135)",2020-05-01,"yellow","red"
"7665","Centre",2020-03-19,1,0.1,1,162805,0.6,0.1,0.6,42027,-77.82500112,40.9193135,"POINT (-77.82500112 40.9193135)",2020-03-05,"local","base"
"7668","Centre",2020-05-10,1,1.9,128,162805,0.6,1.1,78.6,42027,-77.82500112,40.9193135,"POINT (-77.82500112 40.9193135)",2020-04-26,"yellow","red"
"7802","Centre",2020-04-20,2,0.7,83,162805,1.2,0.4,51,42027,-77.82500112,40.9193135,"POINT (-77.82500112 40.9193135)",2020-04-06,"red","red"
"7839","Centre",2020-03-04,0,NA,0,162805,0,NA,0,42027,-77.82500112,40.9193135,"POINT (-77.82500112 40.9193135)",2020-02-19,"base","base"
"7851","Centre",2020-03-02,0,NA,0,162805,0,NA,0,42027,-77.82500112,40.9193135,"POINT (-77.82500112 40.9193135)",2020-02-17,"base","base"
"7938","Centre",2020-07-13,2,3.1,253,162805,1.2,1.9,155.4,42027,-77.82500112,40.9193135,"POINT (-77.82500112 40.9193135)",2020-06-29,"green","green"
"8005","Centre",2020-05-30,1,1.1,156,162805,0.6,0.7,95.8,42027,-77.82500112,40.9193135,"POINT (-77.82500112 40.9193135)",2020-05-16,"green","yellow"
"8018","Centre",2020-06-26,2,2.6,201,162805,1.2,1.6,123.5,42027,-77.82500112,40.9193135,"POINT (-77.82500112 40.9193135)",2020-06-12,"green","green"
"8095","Centre",2020-08-14,6,3.3,395,162805,3.7,2,242.6,42027,-77.82500112,40.9193135,"POINT (-77.82500112 40.9193135)",2020-07-31,"return","green"
"8223","Centre",2020-06-16,0,2,176,162805,0,1.2,108.1,42027,-77.82500112,40.9193135,"POINT (-77.82500112 40.9193135)",2020-06-02,"green","green"
"8246","Centre",2020-04-09,2,3.9,68,162805,1.2,2.4,41.8,42027,-77.82500112,40.9193135,"POINT (-77.82500112 40.9193135)",2020-03-26,"red","local"
"8444","Centre",2020-06-11,8,1.9,170,162805,4.9,1.1,104.4,42027,-77.82500112,40.9193135,"POINT (-77.82500112 40.9193135)",2020-05-28,"green","yellow"
"8453","Centre",2020-08-19,1,4,411,162805,0.6,2.5,252.4,42027,-77.82500112,40.9193135,"POINT (-77.82500112 40.9193135)",2020-08-05,"return","green"
"8497","Centre",2020-07-28,3,6.6,345,162805,1.8,4,211.9,42027,-77.82500112,40.9193135,"POINT (-77.82500112 40.9193135)",2020-07-14,"green","green"
"8935","Centre",2020-03-23,7,1.4,10,162805,4.3,0.9,6.1,42027,-77.82500112,40.9193135,"POINT (-77.82500112 40.9193135)",2020-03-09,"local","pop"
"8989","Centre",2020-08-02,3,3.7,359,162805,1.8,2.3,220.5,42027,-77.82500112,40.9193135,"POINT (-77.82500112 40.9193135)",2020-07-19,"green","green"
"9050","Centre",2020-03-08,0,0,0,162805,0,0,0,42027,-77.82500112,40.9193135,"POINT (-77.82500112 40.9193135)",2020-02-23,"pop","base"
"9057","Centre",2020-04-24,3,1,88,162805,1.8,0.6,54.1,42027,-77.82500112,40.9193135,"POINT (-77.82500112 40.9193135)",2020-04-10,"red","red"
"9403","Centre",2020-05-25,1,1.4,149,162805,0.6,0.9,91.5,42027,-77.82500112,40.9193135,"POINT (-77.82500112 40.9193135)",2020-05-11,"yellow","yellow"
"9431","Centre",2020-07-18,4,5.4,282,162805,2.5,3.3,173.2,42027,-77.82500112,40.9193135,"POINT (-77.82500112 40.9193135)",2020-07-04,"green","green"
"9473","Centre",2020-04-03,6,3.9,47,162805,3.7,2.4,28.9,42027,-77.82500112,40.9193135,"POINT (-77.82500112 40.9193135)",2020-03-20,"red","local"
"9481","Centre",2020-04-13,1,2.4,78,162805,0.6,1.5,47.9,42027,-77.82500112,40.9193135,"POINT (-77.82500112 40.9193135)",2020-03-30,"red","red"
"9617","Centre",2020-05-28,1,1.3,152,162805,0.6,0.8,93.4,42027,-77.82500112,40.9193135,"POINT (-77.82500112 40.9193135)",2020-05-14,"yellow","yellow"
"9664","Centre",2020-06-24,2,3.1,198,162805,1.2,1.9,121.6,42027,-77.82500112,40.9193135,"POINT (-77.82500112 40.9193135)",2020-06-10,"green","green"
"9737","Centre",2020-08-06,4,2.3,370,162805,2.5,1.4,227.3,42027,-77.82500112,40.9193135,"POINT (-77.82500112 40.9193135)",2020-07-23,"green","green"
"9853","Centre",2020-05-23,3,1.4,148,162805,1.8,0.9,90.9,42027,-77.82500112,40.9193135,"POINT (-77.82500112 40.9193135)",2020-05-09,"yellow","yellow"
"9856","Centre",2020-06-14,2,2.1,175,162805,1.2,1.3,107.5,42027,-77.82500112,40.9193135,"POINT (-77.82500112 40.9193135)",2020-05-31,"green","green"
"10160","Centre",2020-07-22,4,5.7,303,162805,2.5,3.5,186.1,42027,-77.82500112,40.9193135,"POINT (-77.82500112 40.9193135)",2020-07-08,"green","green"
"10209","Centre",2020-06-29,1,1.1,203,162805,0.6,0.7,124.7,42027,-77.82500112,40.9193135,"POINT (-77.82500112 40.9193135)",2020-06-15,"green","green"
"10224","Centre",2020-06-07,1,0.4,160,162805,0.6,0.3,98.3,42027,-77.82500112,40.9193135,"POINT (-77.82500112 40.9193135)",2020-05-24,"green","yellow"
"10277","Centre",2020-05-13,1,1.3,136,162805,0.6,0.8,83.5,42027,-77.82500112,40.9193135,"POINT (-77.82500112 40.9193135)",2020-04-29,"yellow","red"
"10338","Centre",2020-04-12,0,3.3,77,162805,0,2,47.3,42027,-77.82500112,40.9193135,"POINT (-77.82500112 40.9193135)",2020-03-29,"red","red"
"10369","Centre",2020-03-11,0,0,0,162805,0,0,0,42027,-77.82500112,40.9193135,"POINT (-77.82500112 40.9193135)",2020-02-26,"pop","base"
"10476","Centre",2020-07-09,4,3.1,241,162805,2.5,1.9,148,42027,-77.82500112,40.9193135,"POINT (-77.82500112 40.9193135)",2020-06-25,"green","green"
"10494","Centre",2020-04-17,0,0.7,81,162805,0,0.4,49.8,42027,-77.82500112,40.9193135,"POINT (-77.82500112 40.9193135)",2020-04-03,"red","red"
"10663","Centre",2020-05-06,4,3.4,127,162805,2.5,2.1,78,42027,-77.82500112,40.9193135,"POINT (-77.82500112 40.9193135)",2020-04-22,"red","red"
"10763","Centre",2020-03-26,1,2,15,162805,0.6,1.2,9.2,42027,-77.82500112,40.9193135,"POINT (-77.82500112 40.9193135)",2020-03-12,"local","pop"
"10910","Centre",2020-08-10,1,2.3,376,162805,0.6,1.4,231,42027,-77.82500112,40.9193135,"POINT (-77.82500112 40.9193135)",2020-07-27,"green","green"
"10941","Centre",2020-06-20,0,1.4,183,162805,0,0.9,112.4,42027,-77.82500112,40.9193135,"POINT (-77.82500112 40.9193135)",2020-06-06,"green","green"
"11010","Centre",2020-03-31,4,3.6,36,162805,2.5,2.2,22.1,42027,-77.82500112,40.9193135,"POINT (-77.82500112 40.9193135)",2020-03-17,"red","pop"
"11023","Centre",2020-07-05,1,3.9,229,162805,0.6,2.4,140.7,42027,-77.82500112,40.9193135,"POINT (-77.82500112 40.9193135)",2020-06-21,"green","green"
"11074","Centre",2020-05-19,2,0.9,141,162805,1.2,0.5,86.6,42027,-77.82500112,40.9193135,"POINT (-77.82500112 40.9193135)",2020-05-05,"yellow","red"
"11185","Centre",2020-04-27,6,2.4,100,162805,3.7,1.5,61.4,42027,-77.82500112,40.9193135,"POINT (-77.82500112 40.9193135)",2020-04-13,"red","red"
"11448","Centre",2020-06-03,0,0.9,157,162805,0,0.5,96.4,42027,-77.82500112,40.9193135,"POINT (-77.82500112 40.9193135)",2020-05-20,"green","yellow"
"11529","Centre",2020-03-16,0,0,0,162805,0,0,0,42027,-77.82500112,40.9193135,"POINT (-77.82500112 40.9193135)",2020-03-02,"pop","base"
"11628","Centre",2020-07-26,4,6.1,333,162805,2.5,3.8,204.5,42027,-77.82500112,40.9193135,"POINT (-77.82500112 40.9193135)",2020-07-12,"green","green"
"12104","Centre",2020-06-15,1,2.1,176,162805,0.6,1.3,108.1,42027,-77.82500112,40.9193135,"POINT (-77.82500112 40.9193135)",2020-06-01,"green","green"
"12238","Centre",2020-04-04,6,3.6,53,162805,3.7,2.2,32.6,42027,-77.82500112,40.9193135,"POINT (-77.82500112 40.9193135)",2020-03-21,"red","local"
"12243","Centre",2020-08-01,2,3.9,356,162805,1.2,2.4,218.7,42027,-77.82500112,40.9193135,"POINT (-77.82500112 40.9193135)",2020-07-18,"green","green"
"12263","Centre",2020-03-22,2,0.4,3,162805,1.2,0.3,1.8,42027,-77.82500112,40.9193135,"POINT (-77.82500112 40.9193135)",2020-03-08,"local","pop"
"12352","Centre",2020-04-23,2,0.6,85,162805,1.2,0.4,52.2,42027,-77.82500112,40.9193135,"POINT (-77.82500112 40.9193135)",2020-04-09,"red","red"
"12850","Centre",2020-03-20,0,0.1,1,162805,0,0.1,0.6,42027,-77.82500112,40.9193135,"POINT (-77.82500112 40.9193135)",2020-03-06,"local","pop"
"13264","Centre",2020-05-24,0,1.3,148,162805,0,0.8,90.9,42027,-77.82500112,40.9193135,"POINT (-77.82500112 40.9193135)",2020-05-10,"yellow","yellow"
"13524","Centre",2020-06-10,0,0.7,162,162805,0,0.4,99.5,42027,-77.82500112,40.9193135,"POINT (-77.82500112 40.9193135)",2020-05-27,"green","yellow"
"13555","Centre",2020-03-07,0,NA,0,162805,0,NA,0,42027,-77.82500112,40.9193135,"POINT (-77.82500112 40.9193135)",2020-02-22,"pop","base"
"13647","Centre",2020-07-12,7,3.1,251,162805,4.3,1.9,154.2,42027,-77.82500112,40.9193135,"POINT (-77.82500112 40.9193135)",2020-06-28,"green","green"
"13906","Centre",2020-08-13,6,2.7,389,162805,3.7,1.7,238.9,42027,-77.82500112,40.9193135,"POINT (-77.82500112 40.9193135)",2020-07-30,"green","green"
"13916","Centre",2020-04-08,2,4.3,66,162805,1.2,2.6,40.5,42027,-77.82500112,40.9193135,"POINT (-77.82500112 40.9193135)",2020-03-25,"red","local"
"13927","Centre",2020-07-17,7,5,278,162805,4.3,3.1,170.8,42027,-77.82500112,40.9193135,"POINT (-77.82500112 40.9193135)",2020-07-03,"green","green"
"13959","Centre",2020-05-09,0,2.1,127,162805,0,1.3,78,42027,-77.82500112,40.9193135,"POINT (-77.82500112 40.9193135)",2020-04-25,"yellow","red"
"14077","Centre",2020-03-03,0,NA,0,162805,0,NA,0,42027,-77.82500112,40.9193135,"POINT (-77.82500112 40.9193135)",2020-02-18,"base","base"
"14101","Centre",2020-08-18,7,4.3,410,162805,4.3,2.6,251.8,42027,-77.82500112,40.9193135,"POINT (-77.82500112 40.9193135)",2020-08-04,"return","green"
"14121","Centre",2020-07-27,9,6.7,342,162805,5.5,4.1,210.1,42027,-77.82500112,40.9193135,"POINT (-77.82500112 40.9193135)",2020-07-13,"green","green"
"14142","Centre",2020-06-30,4,1.6,207,162805,2.5,1,127.1,42027,-77.82500112,40.9193135,"POINT (-77.82500112 40.9193135)",2020-06-16,"green","green"
"14171","Centre",2020-08-23,6,4.1,426,162805,3.7,2.5,261.7,42027,-77.82500112,40.9193135,"POINT (-77.82500112 40.9193135)",2020-08-09,"return","green"
"14314","Centre",2020-06-25,1,2.9,199,162805,0.6,1.8,122.2,42027,-77.82500112,40.9193135,"POINT (-77.82500112 40.9193135)",2020-06-11,"green","green"
"14342","Centre",2020-05-02,7,3.4,112,162805,4.3,2.1,68.8,42027,-77.82500112,40.9193135,"POINT (-77.82500112 40.9193135)",2020-04-18,"red","red"
"14392","Centre",2020-04-14,2,2.3,80,162805,1.2,1.4,49.1,42027,-77.82500112,40.9193135,"POINT (-77.82500112 40.9193135)",2020-03-31,"red","red"
"14489","Centre",2020-08-24,3,3.7,429,162805,1.8,2.3,263.5,42027,-77.82500112,40.9193135,"POINT (-77.82500112 40.9193135)",2020-08-10,"return","green"
"14955","Centre",2020-04-01,0,3.1,36,162805,0,1.9,22.1,42027,-77.82500112,40.9193135,"POINT (-77.82500112 40.9193135)",2020-03-18,"red","local"
"15136","Centre",2020-06-13,2,2,173,162805,1.2,1.2,106.3,42027,-77.82500112,40.9193135,"POINT (-77.82500112 40.9193135)",2020-05-30,"green","green"
"15442","Centre",2020-05-12,3,1.7,135,162805,1.8,1.1,82.9,42027,-77.82500112,40.9193135,"POINT (-77.82500112 40.9193135)",2020-04-28,"yellow","red"
"15568","Centre",2020-03-13,0,0,0,162805,0,0,0,42027,-77.82500112,40.9193135,"POINT (-77.82500112 40.9193135)",2020-02-28,"pop","base"
"15588","Centre",2020-07-23,2,4.9,305,162805,1.2,3,187.3,42027,-77.82500112,40.9193135,"POINT (-77.82500112 40.9193135)",2020-07-09,"green","green"
"15630","Centre",2020-05-16,2,1.6,138,162805,1.2,1,84.8,42027,-77.82500112,40.9193135,"POINT (-77.82500112 40.9193135)",2020-05-02,"yellow","red"
"15740","Centre",2020-07-15,1,3.7,263,162805,0.6,2.3,161.5,42027,-77.82500112,40.9193135,"POINT (-77.82500112 40.9193135)",2020-07-01,"green","green"
"15742","Centre",2020-04-26,6,1.9,94,162805,3.7,1.1,57.7,42027,-77.82500112,40.9193135,"POINT (-77.82500112 40.9193135)",2020-04-12,"red","red"
"15767","Centre",2020-08-20,3,3.6,414,162805,1.8,2.2,254.3,42027,-77.82500112,40.9193135,"POINT (-77.82500112 40.9193135)",2020-08-06,"return","green"
"15952","Centre",2020-06-04,0,0.7,157,162805,0,0.4,96.4,42027,-77.82500112,40.9193135,"POINT (-77.82500112 40.9193135)",2020-05-21,"green","yellow"
"16084","Centre",2020-03-10,0,0,0,162805,0,0,0,42027,-77.82500112,40.9193135,"POINT (-77.82500112 40.9193135)",2020-02-25,"pop","base"
"16099","Centre",2020-07-06,2,4,231,162805,1.2,2.5,141.9,42027,-77.82500112,40.9193135,"POINT (-77.82500112 40.9193135)",2020-06-22,"green","green"
"16221","Centre",2020-04-11,1,3.4,77,162805,0.6,2.1,47.3,42027,-77.82500112,40.9193135,"POINT (-77.82500112 40.9193135)",2020-03-28,"red","red"
"16449","Centre",2020-03-25,3,2,14,162805,1.8,1.2,8.6,42027,-77.82500112,40.9193135,"POINT (-77.82500112 40.9193135)",2020-03-11,"local","pop"
"16478","Centre",2020-07-19,8,5.6,290,162805,4.9,3.4,178.1,42027,-77.82500112,40.9193135,"POINT (-77.82500112 40.9193135)",2020-07-05,"green","green"
"16650","Centre",2020-06-17,0,2,176,162805,0,1.2,108.1,42027,-77.82500112,40.9193135,"POINT (-77.82500112 40.9193135)",2020-06-03,"green","green"
"16751","Centre",2020-03-06,0,NA,0,162805,0,NA,0,42027,-77.82500112,40.9193135,"POINT (-77.82500112 40.9193135)",2020-02-21,"pop","base"
"16860","Centre",2020-04-22,0,0.3,83,162805,0,0.2,51,42027,-77.82500112,40.9193135,"POINT (-77.82500112 40.9193135)",2020-04-08,"red","red"
"16897","Centre",2020-07-11,1,2.3,244,162805,0.6,1.4,149.9,42027,-77.82500112,40.9193135,"POINT (-77.82500112 40.9193135)",2020-06-27,"green","green"
"16976","Centre",2020-05-20,1,0.9,142,162805,0.6,0.5,87.2,42027,-77.82500112,40.9193135,"POINT (-77.82500112 40.9193135)",2020-05-06,"yellow","red"
"17157","Centre",2020-07-16,8,4.3,271,162805,4.9,2.6,166.5,42027,-77.82500112,40.9193135,"POINT (-77.82500112 40.9193135)",2020-07-02,"green","green"
"17236","Centre",2020-04-07,3,4,64,162805,1.8,2.5,39.3,42027,-77.82500112,40.9193135,"POINT (-77.82500112 40.9193135)",2020-03-24,"red","local"
"17316","Centre",2020-08-17,6,3.9,403,162805,3.7,2.4,247.5,42027,-77.82500112,40.9193135,"POINT (-77.82500112 40.9193135)",2020-08-03,"return","green"
"17500","Centre",2020-07-30,4,7,354,162805,2.5,4.3,217.4,42027,-77.82500112,40.9193135,"POINT (-77.82500112 40.9193135)",2020-07-16,"green","green"
"17566","Centre",2020-05-03,3,3,115,162805,1.8,1.8,70.6,42027,-77.82500112,40.9193135,"POINT (-77.82500112 40.9193135)",2020-04-19,"red","red"
"17713","Centre",2020-06-21,5,1.9,188,162805,3.1,1.1,115.5,42027,-77.82500112,40.9193135,"POINT (-77.82500112 40.9193135)",2020-06-07,"green","green"
"17825","Centre",2020-03-21,0,0.1,1,162805,0,0.1,0.6,42027,-77.82500112,40.9193135,"POINT (-77.82500112 40.9193135)",2020-03-07,"local","pop"
"17840","Centre",2020-07-31,0,5.9,354,162805,0,3.6,217.4,42027,-77.82500112,40.9193135,"POINT (-77.82500112 40.9193135)",2020-07-17,"green","green"
"18013","Centre",2020-04-18,0,0.6,81,162805,0,0.4,49.8,42027,-77.82500112,40.9193135,"POINT (-77.82500112 40.9193135)",2020-04-04,"red","red"
"18134","Centre",2020-06-28,0,2,202,162805,0,1.2,124.1,42027,-77.82500112,40.9193135,"POINT (-77.82500112 40.9193135)",2020-06-14,"green","green"
"18193","Centre",2020-08-12,3,2.4,383,162805,1.8,1.5,235.3,42027,-77.82500112,40.9193135,"POINT (-77.82500112 40.9193135)",2020-07-29,"green","green"
"18349","Centre",2020-05-27,1,1.3,151,162805,0.6,0.8,92.7,42027,-77.82500112,40.9193135,"POINT (-77.82500112 40.9193135)",2020-05-13,"yellow","yellow"
"18403","Centre",2020-08-07,2,2.6,372,162805,1.2,1.6,228.5,42027,-77.82500112,40.9193135,"POINT (-77.82500112 40.9193135)",2020-07-24,"green","green"
"18508","Centre",2020-06-09,1,0.7,162,162805,0.6,0.4,99.5,42027,-77.82500112,40.9193135,"POINT (-77.82500112 40.9193135)",2020-05-26,"green","yellow"
"19016","Centre",2020-05-08,0,3.1,127,162805,0,1.9,78,42027,-77.82500112,40.9193135,"POINT (-77.82500112 40.9193135)",2020-04-24,"yellow","red"
"19098","Centre",2020-03-17,0,0,0,162805,0,0,0,42027,-77.82500112,40.9193135,"POINT (-77.82500112 40.9193135)",2020-03-03,"pop","base"
